,ID,Name,Age,Gender,Math,Physics,CS,Attendance,Average,Passed,Result,Total Marks,Grade,Rank,Age Group
0,1.0,Paul Kline,22,Male,70.43,76.87,22.48,98.12,56.59,No,Fail,169.78,C,822.0,College
1,2.0,William Tanner,21,undefined,56.51,83.86,100.0,90.37,80.12,Yes,Pass,240.37,B,94.0,College
2,3.0,Adam Cross,19,undefined,62.62,84.61,66.25,99.4,71.16,Yes,Pass,213.48,D,393.0,Teen
3,500.9819458375125,Clinton Allison,15,Male,58.04,80.39,46.26,72.71,61.56,Yes,Pass,184.69,C,731.0,Teen
4,5.0,Kristina Johnson,25,Female,81.07,82.32,67.13,70.22,76.84,Yes,Pass,230.51999999999998,B,184.0,Adult
5,6.0,Kristin Hunt,24,Male,76.43,71.48,59.93,71.63,69.28,Yes,Pass,207.84000000000003,C,465.0,Adult
6,7.0,Michelle Brooks,18,Male,81.03,82.83,35.41,50.61,66.42,No,Fail,199.27,C,562.0,Teen
7,8.0,Jason Hudson,15,Male,76.96,73.29,43.27,57.59,64.51,No,Fail,193.52,C,631.0,Teen
8,9.0,Michael Robles,15,Male,69.48,72.23,44.31,53.19,62.01,No,Fail,186.02,C,719.0,Teen
9,10.0,Bryan Carpenter,17,Female,91.22,79.26,76.9,97.19,82.46,Yes,Pass,247.38000000000002,B,46.0,Teen
10,11.0,Kayla Dixon,21,Male,67.79,80.14,47.72,70.2,65.22,Yes,Pass,195.65,C,605.0,College
11,12.0,Michael Hines,23,Female,70.91,76.6,60.13,53.12,69.21,No,Fail,207.64,C,470.0,Adult
12,13.0,Stephanie Frazier,24,Female,80.16,75.52,78.34,84.65,78.01,Yes,Pass,234.02,B,145.0,Adult
13,14.0,Joseph Colon,19,Female,78.75,79.85,84.05,97.93,80.89,Yes,Pass,242.64999999999998,B,80.0,Teen
14,15.0,Jordan Rodriguez,15,Female,44.57,86.72,11.81,72.37,47.7,No,Fail,143.1,D,841.0,Teen
15,16.0,Michelle Spence,21,Female,75.22,86.49,82.03,99.07,81.25,Yes,Pass,243.73999999999998,B,71.0,College
16,17.0,Matthew Smith DDS,18,Female,73.41,79.45,73.33,55.85,75.4,No,Fail,226.19,B,227.0,Teen
17,500.9819458375125,Laura Flores DDS,16,undefined,54.87,80.7,80.81,61.14,72.12,No,Fail,216.38,D,360.0,Teen
18,19.0,Brittany Clark,18,Female,63.99,68.27,71.15,51.31,67.81,No,Fail,203.41,C,518.0,Teen
19,20.0,Leslie Huerta MD,16,Female,61.73,75.76,23.97,86.74,53.82,No,Fail,161.46,C,831.0,Teen
20,21.0,Amber Robinson,21,Female,74.06,78.92,80.35,71.51,77.78,Yes,Pass,233.33,B,155.0,College
21,22.0,Kari Lopez,22,Male,81.52,80.2,100.0,98.5,87.24,Yes,Pass,261.72,A,12.0,College
22,23.0,Sean Estrada,25,Female,59.9,79.44,42.49,53.12,60.61,No,Fail,181.83,C,754.0,Adult
23,24.0,Kent Johnson,17,Male,82.16,75.74,30.93,88.36,62.95,Yes,Pass,188.82999999999998,C,690.0,Teen
24,25.0,Crystal Caldwell,20,Male,77.09,78.9,90.86,86.7,82.28,No,Fail,246.85000000000002,B,51.0,College
25,26.0,Ronnie Garrett,19,Female,68.48,89.67,46.71,,68.29,Yes,Pass,204.86,C,500.0,Teen
26,27.0,Brittany Burnett,23,Female,65.45,76.62,64.27,94.09,68.78,Yes,Pass,206.33999999999997,C,484.0,Adult
27,28.0,Annette Delgado,22,Female,65.26,76.74,56.3,98.1,66.1,Yes,Pass,198.3,C,575.0,College
28,29.0,April Cox,15,Male,68.15,83.06,61.13,57.57,70.78,No,Fail,212.34,D,406.0,Teen
29,30.0,Judith Michael,20,Male,62.83,83.59,29.84,55.42,58.75,No,Fail,176.26000000000002,C,798.0,College
30,31.0,Clarence Moses,23,Male,58.37,80.64,60.86,78.72,66.62,Yes,Pass,199.87,C,554.0,Adult
31,32.0,Glenn Aguirre,19,Female,90.04,87.95,48.53,73.5,75.51,Yes,Pass,226.52,B,221.0,Teen
32,33.0,Jessica Fuller,20,Female,50.97,77.53,77.19,66.34,68.56,No,Fail,205.69,C,493.0,College
33,34.0,Dawn Riley,23,Female,57.19,82.78,36.94,95.36,58.97,No,Fail,176.91,C,792.0,Adult
34,35.0,Alexander Arnold,15,Male,66.42,76.86,74.42,58.64,72.57,No,Fail,217.7,D,341.0,Teen
35,36.0,Laura Reyes,23,Male,85.99,85.34,50.76,57.95,74.03,No,Fail,222.08999999999997,D,283.0,Adult
36,37.0,Charles Kirk,24,Female,87.03,83.31,58.54,98.7,76.29,Yes,Pass,228.88,B,204.0,Adult
37,38.0,Edward Jenkins,25,Female,72.66,69.59,35.92,79.95,59.39,No,Fail,178.17000000000002,C,783.0,Adult
38,39.0,Shannon Campbell,24,Male,64.89,79.13,49.0,90.05,64.34,Yes,Pass,193.01999999999998,C,640.0,Adult
39,40.0,Herbert Ward,23,Female,69.9,85.59,83.46,58.55,79.65,No,Fail,238.95,B,106.0,Adult
40,41.0,Christina Page,25,Male,62.0,77.97,86.04,67.75,75.34,No,Fail,226.01,B,230.0,Adult
41,42.0,Craig Martinez,19,Female,35.53,76.33,40.83,63.81,50.9,No,Fail,152.69,C,838.0,Teen
42,43.0,Michelle Coleman,17,Male,74.27,71.69,30.44,77.98,58.8,No,Fail,176.39999999999998,C,797.0,Teen
43,44.0,Kimberly Davis,25,Male,64.0,85.38,53.77,72.63,67.72,Yes,Pass,203.15,C,521.0,Adult
44,45.0,Jaclyn Walker,19,Male,60.17,81.97,89.78,53.6,77.31,No,Fail,231.92,B,170.0,Teen
45,46.0,Casey Holt,16,Male,67.5,77.64,31.95,72.53,59.03,No,Fail,177.08999999999997,C,790.0,Teen
46,47.0,Andrew Vaughn,23,Female,48.93,76.86,57.23,89.52,61.0,Yes,Pass,183.01999999999998,C,744.0,Adult
47,48.0,Jack Robinson,17,Female,71.97,73.83,37.47,64.62,61.09,No,Fail,183.27,C,742.0,Teen
48,49.0,Beverly Young,22,Female,61.73,79.29,46.21,80.55,62.41,Yes,Pass,187.23000000000002,C,710.0,College
49,50.0,Lauren Johnson,25,Female,73.99,75.42,30.82,59.65,60.07,No,Fail,180.23,C,764.0,Adult
50,51.0,Candace Robinson,25,Male,53.79,80.58,62.19,80.25,65.52,Yes,Pass,196.56,C,593.0,Adult
51,52.0,Anna Bennett,23,Female,64.63,88.33,66.01,98.26,72.99,Yes,Pass,218.96999999999997,D,324.0,Adult
52,53.0,Brandon Jackson,25,Male,52.42,90.49,34.0,55.58,58.97,No,Fail,176.91,C,792.0,Adult
53,54.0,Michael Gray,24,Male,59.37,72.63,66.7,60.76,66.23,No,Fail,198.7,C,571.0,Adult
54,55.0,Willie Jones,23,Female,84.46,84.1,50.52,91.94,73.03,Yes,Pass,219.08,D,323.0,Adult
55,56.0,John Huff,19,Female,56.03,85.33,91.41,54.65,77.59,No,Fail,232.77,B,160.0,Teen
56,57.0,Heather Brown,16,Male,70.66,81.97,86.83,58.58,79.82,No,Fail,239.45999999999998,B,101.0,Teen
57,58.0,Justin Smith,18,Female,61.82,78.46,16.75,54.18,52.34,No,Fail,157.03,C,836.0,Teen
58,59.0,Christina Dillon,21,Female,79.04,78.95,37.1,54.44,65.03,No,Fail,195.09,C,612.0,College
59,60.0,Francisco Reeves,17,Male,72.28,75.1,65.66,90.13,71.02,Yes,Pass,213.04,D,396.0,Teen
60,61.0,Ryan Brown,20,Female,68.1,82.77,57.65,83.6,69.51,Yes,Pass,208.52,C,458.0,College
61,62.0,Paula Smith,16,Male,72.28,81.47,57.75,65.55,70.5,No,Fail,211.5,D,415.0,Teen
62,63.0,Brandon Vaughn,16,Male,53.22,86.53,45.38,97.09,61.71,Yes,Pass,185.13,C,728.0,Teen
63,64.0,Jack Johnson,16,Male,80.88,76.8,53.58,67.23,70.42,No,Fail,211.26,D,420.0,Teen
64,65.0,Dustin Grimes,15,Male,74.21,71.03,66.74,51.89,70.66,No,Fail,211.98000000000002,D,408.0,Teen
65,66.0,Caroline King,23,Male,70.02,79.66,38.61,63.86,62.76,No,Fail,188.29000000000002,C,698.0,Adult
66,67.0,Corey Payne,24,Male,65.02,77.93,44.64,81.92,62.53,Yes,Pass,187.58999999999997,C,704.0,Adult
67,68.0,Pamela Martinez,24,Male,61.69,81.0,49.77,60.53,64.15,No,Fail,192.46,C,648.0,Adult
68,69.0,Nicole Parrish PhD,22,Female,68.05,78.79,30.06,99.59,58.97,No,Fail,176.9,C,792.0,College
69,70.0,Wyatt Bryant,21,Female,76.19,86.7,96.53,81.63,86.48,Yes,Pass,259.41999999999996,A,15.0,College
70,71.0,Rebekah Silva,21,Male,54.65,90.91,77.95,68.8,74.5,No,Fail,223.51,D,267.0,College
71,72.0,Michelle Ellis,17,Male,52.08,81.96,97.83,55.32,77.29,No,Fail,231.87,B,171.0,Teen
72,73.0,Paul Lloyd,23,Female,77.78,83.19,73.75,77.7,78.24,Yes,Pass,234.72,B,141.0,Adult
73,74.0,Richard Rodriguez,25,Male,58.87,82.71,73.3,81.95,71.62,Yes,Pass,214.88,D,377.0,Adult
74,75.0,Tiffany Lambert MD,25,Female,64.98,80.42,70.57,60.58,71.99,No,Fail,215.97,D,369.0,Adult
75,76.0,Jessica Bond,16,Male,61.43,82.89,55.87,95.58,66.73,Yes,Pass,200.19,C,551.0,Teen
76,77.0,Russell Calhoun,21,Female,97.91,85.42,46.83,80.68,76.72,Yes,Pass,230.15999999999997,B,188.0,College
77,78.0,Christina Smith,15,Female,86.56,80.01,59.94,83.52,75.5,Yes,Pass,226.51,B,222.0,Teen
78,79.0,Hunter Adkins,16,Female,62.57,91.02,47.66,100.0,67.08,Yes,Pass,201.25,C,542.0,Teen
79,80.0,Michelle Bailey,23,Female,60.31,78.95,53.44,91.7,64.23,Yes,Pass,192.7,C,643.0,Adult
80,81.0,Janet Chen,19,Male,54.64,78.4,26.1,59.37,53.04,No,Fail,159.14000000000001,C,834.0,Teen
81,82.0,Stephen Rodriguez,15,Male,72.52,76.59,34.7,58.28,61.27,No,Fail,183.81,C,739.0,Teen
82,83.0,Tiffany Trevino,15,Female,80.29,87.83,50.77,83.8,72.96,Yes,Pass,218.89000000000001,D,325.0,Teen
83,84.0,Leslie Ramirez,20,Male,81.39,83.56,1.9,91.46,55.62,No,Fail,166.85,C,825.0,College
84,85.0,Derek Robinson,17,Female,74.04,80.81,64.34,92.72,73.06,Yes,Pass,219.19000000000003,D,321.0,Teen
85,86.0,Alexis Schultz,21,Male,73.4,83.6,73.05,94.77,76.69,Yes,Pass,230.05,B,189.0,College
86,87.0,William Owens,22,Male,64.02,78.81,65.74,54.99,69.52,No,Fail,208.57,C,457.0,College
87,88.0,Ruth Kelley,16,Male,75.7,86.5,78.57,87.91,80.26,Yes,Pass,240.76999999999998,B,89.0,Teen
88,89.0,Gabriela Rosales,17,Male,72.12,86.01,34.94,73.34,64.36,Yes,Pass,193.07,C,639.0,Teen
89,90.0,Andrew Downs,20,Female,56.8,77.66,57.35,56.51,63.94,No,Fail,191.80999999999997,C,658.0,College
90,91.0,Bryan Hoffman,16,Male,78.46,76.63,64.98,62.28,73.36,No,Fail,220.07,D,306.0,Teen
91,92.0,William Webb,18,Female,65.66,78.46,63.45,90.42,69.19,Yes,Pass,207.57,C,471.0,Teen
92,93.0,Candace Sheppard,22,Female,89.12,83.76,38.88,75.61,70.59,Yes,Pass,211.76,D,412.0,College
93,94.0,Kathryn Moreno,19,Female,75.44,80.82,35.03,64.28,63.76,No,Fail,191.29,C,665.0,Teen
94,95.0,Wanda Norman,15,Female,81.37,77.4,58.17,66.37,72.31,No,Fail,216.94,D,352.0,Teen
95,96.0,Mallory Barker,21,Female,77.47,73.78,31.39,76.97,60.88,Yes,Pass,182.64,C,748.0,College
96,97.0,Tim Adams,24,Male,79.36,82.36,71.03,86.01,77.58,Yes,Pass,232.75,B,161.0,Adult
97,98.0,David Harris,20,Female,66.9,72.52,63.36,87.87,67.6,Yes,Pass,202.78000000000003,C,526.0,College
98,99.0,Chad Bell,17,Female,61.68,79.95,26.02,88.57,55.88,No,Fail,167.65,C,823.0,Teen
99,100.0,Alexa Parker,20,Female,88.15,76.16,49.5,88.6,71.27,Yes,Pass,213.81,D,390.0,College
100,101.0,Jonathan Harris,24,Male,75.72,87.11,60.71,76.02,74.51,Yes,Pass,223.54,D,266.0,Adult
101,102.0,Richard Thomas,18,Female,58.6,71.5,63.15,63.8,64.42,No,Fail,193.25,C,636.0,Teen
102,103.0,Karen Pierce,16,Female,79.58,81.98,58.06,79.77,73.21,Yes,Pass,219.62,D,313.0,Teen
103,104.0,Zachary Dunn,24,Female,74.9,76.29,38.97,81.69,63.39,Yes,Pass,190.16,C,673.0,Adult
104,105.0,John Cunningham,16,Male,66.1,84.81,51.62,91.81,67.51,Yes,Pass,202.53,C,530.0,Teen
105,106.0,Luis Massey,21,Female,74.52,83.26,53.39,97.21,70.39,Yes,Pass,211.17000000000002,D,421.0,College
106,107.0,Elizabeth Schultz,23,Female,61.73,93.13,34.25,98.75,63.04,Yes,Pass,189.10999999999999,C,686.0,Adult
107,108.0,Brittany Hurley,15,Male,62.29,77.69,71.0,60.84,70.32,No,Fail,210.98,D,425.0,Teen
108,109.0,Robert Smith,25,Female,71.74,77.44,60.94,89.12,70.04,Yes,Pass,210.12,D,433.0,Adult
109,110.0,Mason Sullivan,21,Male,86.59,76.49,35.86,98.54,66.31,Yes,Pass,198.94,C,568.0,College
110,111.0,Melissa Buchanan,17,Female,37.56,90.44,81.4,52.5,69.8,No,Fail,209.4,C,444.0,Teen
111,112.0,Dennis Simpson,15,Female,83.45,80.26,82.67,88.49,82.13,Yes,Pass,246.38,B,57.0,Teen
112,113.0,Beth Adams,24,Male,63.98,84.82,97.71,73.89,82.17,Yes,Pass,246.51,B,55.0,Adult
113,114.0,Carlos Bush,17,Female,70.15,78.53,10.64,58.28,53.11,No,Fail,159.32,C,833.0,Teen
114,115.0,Craig Thompson,19,Male,63.51,77.15,49.51,66.44,63.39,No,Fail,190.17,C,673.0,Teen
115,116.0,Christina Osborn,15,Female,63.6,85.8,74.76,71.57,74.72,Yes,Pass,224.16000000000003,D,256.0,Teen
116,117.0,Denise Hernandez,20,Male,48.58,86.8,82.54,51.89,72.64,No,Fail,217.92000000000002,D,336.0,College
117,118.0,Brian Ortiz,17,Male,79.94,73.29,51.48,63.41,68.23,No,Fail,204.71,C,504.0,Teen
118,119.0,Joshua Pruitt,16,Male,79.6,85.31,51.82,85.51,72.24,Yes,Pass,216.73,D,354.0,Teen
119,120.0,Mr. David Le,23,Female,64.82,75.42,31.87,73.81,57.37,No,Fail,172.11,C,813.0,Adult
120,121.0,Kristen Rice,23,Male,57.0,72.22,55.42,76.7,61.55,Yes,Pass,184.64,C,732.0,Adult
121,122.0,Carol Allen,18,Female,76.53,66.93,63.14,57.5,68.87,No,Fail,206.60000000000002,C,482.0,Teen
122,123.0,Steven Holland,18,Male,67.05,80.23,84.44,54.7,77.24,No,Fail,231.72,B,173.0,Teen
123,124.0,Lisa Gonzalez,16,Female,58.57,84.22,56.82,80.37,66.54,Yes,Pass,199.60999999999999,C,557.0,Teen
124,125.0,Kayla Griffin,16,Male,81.2,86.9,47.43,89.17,71.85,Yes,Pass,215.53000000000003,D,373.0,Teen
125,126.0,Glen Garcia,21,Male,79.04,79.44,77.82,54.15,78.77,No,Fail,236.3,B,128.0,College
126,127.0,Andrew King,23,Female,75.79,71.44,78.44,93.54,75.22,Yes,Pass,225.67000000000002,B,235.0,Adult
127,128.0,Katherine Chapman,18,Female,70.94,90.0,35.61,55.31,65.51,No,Fail,196.55,C,594.0,Teen
128,129.0,Kelly Jones,25,Female,60.9,83.56,62.43,52.86,68.96,No,Fail,206.89000000000001,C,478.0,Adult
129,130.0,Holly Roberts,21,Male,80.22,83.97,55.88,72.59,73.36,Yes,Pass,220.07,D,306.0,College
130,131.0,Jessica Ward,17,Female,68.51,76.8,69.27,54.17,71.53,No,Fail,214.57999999999998,D,382.0,Teen
131,132.0,Ashley Terry,23,Female,74.9,77.66,72.23,91.03,74.93,Yes,Pass,224.79000000000002,D,247.0,Adult
132,133.0,Katie Miranda,24,Female,73.49,81.6,65.77,78.03,73.62,Yes,Pass,220.85999999999996,D,299.0,Adult
133,134.0,Jonathan Cameron,22,Male,49.97,73.61,56.58,89.64,60.05,Yes,Pass,180.16,C,766.0,College
134,135.0,Rachel Arias,15,Male,70.42,73.4,44.53,87.58,62.78,Yes,Pass,188.35,C,697.0,Teen
135,136.0,Holly Smith,23,Male,86.72,78.57,73.55,65.9,79.61,No,Fail,238.83999999999997,B,107.0,Adult
136,137.0,Christopher Hamilton,17,Male,70.26,79.4,40.61,61.36,63.42,No,Fail,190.27000000000004,C,672.0,Teen
137,138.0,Kenneth Sherman,23,Male,61.74,83.86,27.53,74.07,57.71,No,Fail,173.13,C,807.0,Adult
138,139.0,Richard Wallace,17,Female,67.08,70.59,64.39,79.99,67.35,Yes,Pass,202.06,C,534.0,Teen
139,140.0,Jean Harris,24,Male,57.49,72.54,27.73,99.37,52.59,No,Fail,157.76,C,835.0,Adult
140,141.0,Steven Floyd,16,Male,82.63,83.19,42.27,56.47,69.36,No,Fail,208.09,C,462.0,Teen
141,142.0,John Green,20,Male,66.61,81.93,48.75,54.28,65.77,No,Fail,197.29000000000002,C,585.0,College
142,143.0,Jimmy Mcpherson,23,Male,52.39,78.3,83.34,92.17,71.35,Yes,Pass,214.03,D,387.0,Adult
143,144.0,David Sawyer,23,Female,68.82,76.41,41.18,79.57,62.13,Yes,Pass,186.41,C,716.0,Adult
144,145.0,Leslie Bishop,17,Male,70.22,70.91,58.59,77.28,66.57,Yes,Pass,199.72,C,556.0,Teen
145,146.0,Kim Ortiz,20,Male,76.99,81.52,66.31,78.98,74.94,Yes,Pass,224.82,D,246.0,College
146,147.0,Sheryl Larsen,17,Male,73.31,80.29,38.59,52.28,64.06,No,Fail,192.19000000000003,C,651.0,Teen
147,148.0,Elizabeth Shepherd,16,Male,89.15,78.9,60.71,72.78,76.25,Yes,Pass,228.76000000000002,B,205.0,Teen
148,149.0,Eric Rogers,19,Female,79.31,74.52,34.66,62.93,62.83,No,Fail,188.48999999999998,C,694.0,Teen
149,150.0,Diane Smith,24,Female,72.03,75.09,75.74,57.89,74.29,No,Fail,222.86,D,274.0,Adult
150,151.0,Rachel Williams,15,Female,65.26,87.64,44.14,85.77,65.68,Yes,Pass,197.04000000000002,C,587.0,Teen
151,152.0,Melissa Snyder,23,Male,53.15,81.91,54.0,97.57,63.02,Yes,Pass,189.06,C,687.0,Adult
152,153.0,William Guerra,16,Female,65.95,79.4,71.59,50.49,72.31,No,Fail,216.94000000000003,D,352.0,Teen
153,154.0,Eric Lopez,18,Female,87.07,74.09,57.13,85.64,72.76,Yes,Pass,218.29,D,333.0,Teen
154,155.0,Valerie Gibson,18,Male,70.2,79.12,85.08,89.52,78.13,Yes,Pass,234.39999999999998,B,144.0,Teen
155,156.0,Steven Hudson,23,Male,88.33,81.41,64.92,97.44,78.22,Yes,Pass,234.66000000000003,B,142.0,Adult
156,157.0,Kathy Cohen,16,Female,67.36,78.35,46.16,64.79,63.96,No,Fail,191.86999999999998,C,656.0,Teen
157,158.0,Wesley Bell,15,Female,78.98,79.45,97.02,62.94,85.15,No,Fail,255.45,A,24.0,Teen
158,159.0,Chad Valdez,22,Female,68.54,90.91,74.17,78.1,77.87,Yes,Pass,233.62,B,151.0,College
159,160.0,Brandy Henry,23,Female,61.7,76.8,98.25,60.1,78.92,No,Fail,236.75,B,124.0,Adult
160,161.0,Lisa Blair,24,Female,66.21,82.85,38.26,85.01,62.44,Yes,Pass,187.32,C,708.0,Adult
161,162.0,Carmen Johnson,16,Male,58.93,72.58,77.45,97.49,69.65,Yes,Pass,208.95999999999998,C,449.0,Teen
162,163.0,James Valentine,20,Female,86.0,80.45,45.01,85.02,70.48,Yes,Pass,211.45999999999998,D,417.0,College
163,164.0,Troy Miles,23,Female,75.02,82.72,62.3,63.65,73.35,No,Fail,220.04000000000002,D,307.0,Adult
164,165.0,Oscar Anderson,20,Male,71.98,87.93,16.85,93.93,58.92,No,Fail,176.76000000000002,C,794.0,College
165,166.0,Chad Davis,15,Male,70.68,78.71,69.09,87.54,72.82,Yes,Pass,218.48,D,329.0,Teen
166,167.0,Nicholas Spears,25,Female,66.11,75.57,77.82,92.08,73.17,Yes,Pass,219.5,D,316.0,Adult
167,168.0,Micheal Kirby,15,Male,73.68,88.14,52.39,78.74,71.4,Yes,Pass,214.20999999999998,D,386.0,Teen
168,169.0,Brian Jackson,23,Male,77.16,80.05,76.39,98.3,77.86,Yes,Pass,233.59999999999997,B,152.0,Adult
169,170.0,Raymond Gray,22,Female,63.46,73.57,87.89,80.14,74.97,Yes,Pass,224.92000000000002,D,245.0,College
170,171.0,Scott Clark,23,Female,57.56,85.11,40.99,90.01,61.22,Yes,Pass,183.66000000000003,C,740.0,Adult
171,172.0,Thomas Hernandez,18,Male,80.66,81.63,75.4,94.07,79.23,Yes,Pass,237.69,B,116.0,Teen
172,173.0,Amanda Shannon,15,Female,60.96,82.29,57.64,99.04,66.96,Yes,Pass,200.89,C,546.0,Teen
173,174.0,Jackie Johnson,23,Male,71.02,78.84,14.64,76.12,54.83,No,Fail,164.5,C,828.0,Adult
174,175.0,Catherine Blake,18,Female,73.41,89.1,44.57,69.38,69.03,No,Fail,207.07999999999998,C,475.0,Teen
175,176.0,Stephanie Sanchez,20,Female,69.96,84.35,67.3,59.71,73.87,No,Fail,221.61,D,289.0,College
176,177.0,Carl Daniel,22,Female,67.87,69.29,51.11,64.23,62.76,No,Fail,188.27000000000004,C,698.0,College
177,178.0,Michelle Rice,24,Female,72.25,78.23,46.11,76.82,65.53,Yes,Pass,196.59000000000003,C,592.0,Adult
178,179.0,Tara King,17,Female,60.59,83.64,65.07,94.32,69.76,Yes,Pass,209.3,C,446.0,Teen
179,180.0,Jeanne Cortez,16,Male,69.51,78.18,26.94,53.18,58.21,No,Fail,174.63,C,803.0,Teen
180,181.0,Stephanie Wagner,25,Male,93.35,78.98,100.0,73.95,90.77,Yes,Pass,272.33,A,1.0,Adult
181,182.0,Cheryl Whitney,24,Male,70.48,76.64,68.03,69.32,71.72,No,Fail,215.15,D,375.0,Adult
182,183.0,Marvin Jensen,19,Male,90.21,82.36,44.5,64.38,72.36,No,Fail,217.07,D,350.0,Teen
183,184.0,John Powell,23,Female,67.82,68.63,62.09,91.52,66.18,Yes,Pass,198.54,C,572.0,Adult
184,185.0,Terry Phillips,25,Male,79.32,73.59,68.32,53.35,73.75,No,Fail,221.23,D,293.0,Adult
185,186.0,Phillip Guzman,17,Female,71.81,75.83,51.12,97.32,66.25,Yes,Pass,198.76,C,570.0,Teen
186,187.0,Courtney Ross,23,Female,59.04,80.52,66.52,54.56,68.69,No,Fail,206.07999999999998,C,487.0,Adult
187,188.0,Willie Dorsey MD,17,Female,72.46,78.48,69.32,91.5,73.42,Yes,Pass,220.26,D,304.0,Teen
188,189.0,David Ramirez,18,Female,85.18,77.66,84.3,59.79,82.38,No,Fail,247.14,B,49.0,Teen
189,190.0,Mark Harris,21,Male,73.05,91.95,37.74,72.55,67.58,Yes,Pass,202.74,C,528.0,College
190,191.0,Joshua Hammond,21,Male,56.54,77.31,37.19,85.18,57.01,No,Fail,171.04,C,817.0,College
191,192.0,Jerry Brown,21,Female,51.13,79.87,52.95,85.15,61.32,Yes,Pass,183.95,C,738.0,College
192,193.0,Cynthia Roy,15,Female,81.18,81.17,21.21,75.72,61.19,Yes,Pass,183.56000000000003,C,741.0,Teen
193,194.0,Daniel Baker,21,Male,74.94,89.87,77.51,99.0,80.77,Yes,Pass,242.32,B,82.0,College
194,195.0,Walter Robinson,21,Male,53.19,80.95,42.67,90.04,58.94,No,Fail,176.81,C,793.0,College
195,196.0,Anne Austin,24,Male,75.33,71.27,62.35,63.38,69.65,No,Fail,208.95,C,449.0,Adult
196,197.0,Laura Hamilton,16,Male,74.0,83.55,36.55,61.89,64.7,No,Fail,194.10000000000002,C,625.0,Teen
197,198.0,Jessica Decker,15,Male,59.39,79.42,89.11,53.69,75.98,No,Fail,227.92000000000002,B,208.0,Teen
198,199.0,Lindsay Martin,20,Female,64.97,77.22,59.29,89.17,67.16,Yes,Pass,201.48,C,540.0,College
199,200.0,Juan Davis,19,Female,72.17,80.2,35.17,94.41,62.51,Yes,Pass,187.54000000000002,C,705.0,Teen
200,201.0,Katherine Colon,24,Male,75.6,82.66,74.65,73.11,77.64,Yes,Pass,232.91,B,158.0,Adult
201,202.0,Mary Mendoza,17,Female,54.72,86.92,48.1,77.17,63.24,Yes,Pass,189.73999999999998,C,680.0,Teen
202,203.0,Antonio Cobb,22,Female,54.64,92.18,89.17,76.08,78.67,Yes,Pass,235.99,B,129.0,College
203,204.0,Laura Valencia,25,Male,83.18,83.47,26.99,86.24,64.55,Yes,Pass,193.64000000000001,C,629.0,Adult
204,205.0,Laura Martin,25,Male,80.93,84.43,49.38,91.3,71.58,Yes,Pass,214.74,D,380.0,Adult
205,206.0,Samantha Fernandez,15,Female,75.21,87.07,48.72,52.32,70.33,No,Fail,210.99999999999997,D,424.0,Teen
206,207.0,Susan Owen,20,Male,66.55,77.72,48.31,72.79,64.2,Yes,Pass,192.57999999999998,C,646.0,College
207,208.0,Jennifer Martin,15,Male,73.01,78.53,81.26,74.11,77.6,Yes,Pass,232.8,B,159.0,Teen
208,209.0,Kristen Mcintosh,19,Male,60.61,84.86,50.13,79.78,65.2,Yes,Pass,195.6,C,606.0,Teen
209,210.0,Elizabeth Tucker,20,Female,76.2,82.95,30.25,99.56,63.13,Yes,Pass,189.4,C,683.0,College
210,211.0,David Sanchez,24,Female,64.98,82.81,96.97,78.11,81.58,Yes,Pass,244.76000000000002,B,66.0,Adult
211,212.0,Michael Hernandez,23,Male,61.47,81.42,43.5,69.0,62.13,No,Fail,186.39,C,716.0,Adult
212,213.0,Melissa Liu,22,Male,68.36,76.46,54.1,83.73,66.31,Yes,Pass,198.92,C,568.0,College
213,214.0,Brian Chavez,15,Female,62.7,82.8,70.22,86.59,71.91,Yes,Pass,215.72,D,370.0,Teen
214,215.0,Joyce Martinez,24,Male,67.15,75.35,66.28,67.32,69.6,No,Fail,208.78,C,453.0,Adult
215,216.0,Kathleen Mccoy,17,Male,70.13,75.79,47.59,81.15,64.5,Yes,Pass,193.51000000000002,C,632.0,Teen
216,217.0,Richard Jacobs,17,Male,67.34,77.72,60.93,66.4,68.66,No,Fail,205.99,C,488.0,Teen
217,218.0,Dr. Scott Walsh Jr.,24,Female,80.96,76.27,58.36,95.25,71.86,Yes,Pass,215.58999999999997,D,372.0,Adult
218,219.0,Maria Golden,21,Male,73.95,74.75,46.25,84.81,64.98,Yes,Pass,194.95,C,614.0,College
219,220.0,David Wolfe,17,Female,75.24,79.56,52.91,58.68,69.24,No,Fail,207.71,C,469.0,Teen
220,221.0,Haley Stevens,17,Male,80.88,79.41,69.73,65.94,76.68,No,Fail,230.01999999999998,B,190.0,Teen
221,222.0,Judith Wheeler,15,Male,57.12,91.27,87.08,88.05,78.49,Yes,Pass,235.46999999999997,B,135.0,Teen
222,223.0,Victoria Peterson,19,Male,76.38,78.96,53.01,93.45,69.45,Yes,Pass,208.34999999999997,C,459.0,Teen
223,224.0,Kristin Walker,20,Male,68.28,77.48,63.61,67.61,69.79,No,Fail,209.37,C,445.0,College
224,225.0,Rhonda Cruz PhD,15,Male,52.21,75.01,68.21,94.45,65.14,Yes,Pass,195.43,C,608.0,Teen
225,226.0,Alexandra Simon,22,Male,78.31,87.86,100.0,82.4,88.72,Yes,Pass,266.17,A,3.0,College
226,227.0,Daniel Dominguez,16,Female,70.35,73.82,76.78,97.17,73.65,Yes,Pass,220.95,D,298.0,Teen
227,228.0,Deborah Miller,25,Female,79.14,84.18,83.35,58.67,82.22,No,Fail,246.67,B,53.0,Adult
228,229.0,Dennis Hicks,15,Male,82.75,82.63,54.72,79.29,73.37,Yes,Pass,220.1,D,305.0,Teen
229,230.0,Keith Meyer,23,Female,75.78,74.7,28.31,87.46,59.6,No,Fail,178.79000000000002,C,775.0,Adult
230,231.0,Erica Adams,15,Female,65.19,74.14,59.04,99.42,66.12,Yes,Pass,198.36999999999998,C,574.0,Teen
231,232.0,Anthony Rodriguez,15,Male,91.61,81.51,52.28,72.95,75.13,Yes,Pass,225.4,B,237.0,Teen
232,233.0,James Guzman II,15,Female,68.28,68.12,64.64,94.76,67.01,Yes,Pass,201.04000000000002,C,544.0,Teen
233,234.0,Jason Brennan,23,Female,61.66,80.79,49.69,79.8,64.05,Yes,Pass,192.14,C,652.0,Adult
234,235.0,Henry White,20,Female,77.32,75.62,84.01,52.31,78.99,No,Fail,236.95,B,122.0,College
235,236.0,Sean Stevens,15,Female,70.0,77.86,61.35,55.55,69.74,No,Fail,209.21,C,447.0,Teen
236,237.0,Karen Stevens,20,Male,81.4,76.86,54.57,88.88,70.94,Yes,Pass,212.82999999999998,D,400.0,College
237,238.0,Jaime Evans,15,Female,57.68,74.75,44.93,99.77,59.12,No,Fail,177.36,C,788.0,Teen
238,239.0,John Johnson,23,Female,66.97,81.72,38.19,65.15,62.29,No,Fail,186.88,C,711.0,Adult
239,240.0,Bryan Johnson,18,Male,75.86,80.5,65.95,73.31,74.1,Yes,Pass,222.31,D,280.0,Teen
240,241.0,Anna Griffin,19,Female,81.92,75.74,14.09,81.19,57.25,No,Fail,171.75,C,814.0,Teen
241,242.0,David Morse,22,Male,73.73,78.1,28.53,54.39,60.12,No,Fail,180.35999999999999,C,762.0,College
242,243.0,Kelly Sullivan,16,Female,73.17,82.87,39.94,60.53,65.33,No,Fail,195.98000000000002,C,602.0,Teen
243,244.0,Robert Wells,21,Female,71.27,74.94,75.93,73.44,74.05,Yes,Pass,222.14,D,282.0,College
244,245.0,Jennifer Smith,19,Male,62.46,78.11,31.81,98.63,57.46,No,Fail,172.38,C,812.0,Teen
245,246.0,Carlos Ray,24,Female,89.33,85.02,64.73,88.3,79.69,Yes,Pass,239.07999999999998,B,105.0,Adult
246,247.0,Stephen Montgomery,24,Male,80.38,81.94,46.52,66.1,69.61,No,Fail,208.84,C,452.0,Adult
247,248.0,Eileen Martinez,18,Female,67.88,85.52,58.84,88.0,70.75,Yes,Pass,212.23999999999998,D,407.0,Teen
248,249.0,Philip Rivera,16,Female,71.82,84.55,67.44,56.06,74.6,No,Fail,223.81,D,263.0,Teen
249,250.0,Scott Wilcox,15,Female,60.93,78.73,75.51,51.5,71.72,No,Fail,215.17000000000002,D,375.0,Teen
250,251.0,Susan Washington,16,Female,72.28,77.14,50.76,82.2,66.73,Yes,Pass,200.18,C,551.0,Teen
251,252.0,Whitney Zavala,17,Male,67.3,81.96,36.37,81.21,61.88,Yes,Pass,185.63,C,724.0,Teen
252,253.0,Tanya Dean,23,Male,71.95,77.98,47.81,71.49,65.91,Yes,Pass,197.74,C,580.0,Adult
253,254.0,Sara Cross,22,Male,71.74,76.59,41.19,52.88,63.17,No,Fail,189.51999999999998,C,682.0,College
254,255.0,Donald Taylor,17,Male,57.76,76.79,53.49,84.4,62.68,Yes,Pass,188.04000000000002,C,700.0,Teen
255,256.0,Michael Ferguson,19,Male,61.93,70.09,46.42,89.56,59.48,No,Fail,178.44,C,778.0,Teen
256,257.0,Robert Sutton,23,Female,72.24,75.25,78.9,64.91,75.46,No,Fail,226.39000000000001,B,224.0,Adult
257,258.0,Paige Murphy DVM,25,Female,83.68,81.17,64.12,74.95,76.33,Yes,Pass,228.97000000000003,B,201.0,Adult
258,259.0,Erica Kelly,17,Female,66.77,75.98,61.61,54.26,68.12,No,Fail,204.36,C,509.0,Teen
259,260.0,Sheryl Murphy,16,Male,58.97,82.61,48.83,93.27,63.47,Yes,Pass,190.40999999999997,C,671.0,Teen
260,261.0,Ethan Arroyo,23,Male,66.74,77.27,75.24,83.23,73.08,Yes,Pass,219.25,D,320.0,Adult
261,262.0,Gary Young DVM,24,Female,81.6,72.22,71.7,95.62,75.18,Yes,Pass,225.51999999999998,B,236.0,Adult
262,263.0,Michael Morales,16,Female,61.57,73.04,78.83,89.65,71.14,Yes,Pass,213.44,D,394.0,Teen
263,264.0,Margaret Wilson,16,Male,78.9,78.11,37.16,69.41,64.72,No,Fail,194.17,C,623.0,Teen
264,265.0,Alexandra Wilkins,16,Female,68.47,82.44,71.42,76.84,74.11,Yes,Pass,222.32999999999998,D,279.0,Teen
265,266.0,Felicia Butler,21,Male,67.69,79.17,100.0,91.6,82.29,Yes,Pass,246.86,B,50.0,College
266,267.0,Natasha May,19,Female,61.21,82.98,49.03,54.71,64.41,No,Fail,193.22,C,637.0,Teen
267,268.0,Timothy Smith,21,Female,85.24,77.73,92.79,83.15,85.25,Yes,Pass,255.76,A,22.0,College
268,269.0,Leslie Malone,15,Male,59.44,77.27,74.45,83.09,70.39,Yes,Pass,211.15999999999997,D,421.0,Teen
269,270.0,Donna Little,20,Male,76.76,79.03,90.85,93.79,82.21,Yes,Pass,246.64000000000001,B,54.0,College
270,271.0,Nicholas Hatfield,18,Male,75.86,83.02,68.3,79.14,75.73,Yes,Pass,227.18,B,217.0,Teen
271,272.0,Matthew Tyler,21,Male,62.22,78.65,72.65,63.35,71.17,No,Fail,213.52,D,392.0,College
272,273.0,Kelsey Floyd,21,Female,74.7,88.06,23.01,81.61,61.92,Yes,Pass,185.76999999999998,C,722.0,College
273,274.0,Patrick Cruz,24,Male,59.07,72.33,64.71,91.77,65.37,Yes,Pass,196.11,C,599.0,Adult
274,275.0,Donald Fox,25,Female,72.58,93.36,91.34,60.89,85.76,No,Fail,257.28,A,20.0,Adult
275,276.0,Scott Young,22,Male,74.51,76.47,51.93,78.67,67.64,Yes,Pass,202.91000000000003,C,524.0,College
276,277.0,Jacob Davidson,18,Male,77.06,87.8,37.21,99.06,67.36,Yes,Pass,202.07000000000002,C,533.0,Teen
277,278.0,Scott Green,16,Male,62.51,75.64,86.84,72.28,75.0,Yes,Pass,224.99,D,243.0,Teen
278,279.0,Ryan Barker,24,Male,71.08,81.32,93.54,65.46,81.98,No,Fail,245.94,B,60.0,Adult
279,280.0,Catherine Schmitt,20,Female,61.26,73.29,60.65,88.0,65.07,Yes,Pass,195.20000000000002,C,610.0,College
280,281.0,Melinda Wade,25,Male,78.29,78.31,37.48,75.3,64.7,Yes,Pass,194.08,C,625.0,Adult
281,282.0,Kayla Rivera,19,Male,86.53,81.56,41.61,92.88,69.9,Yes,Pass,209.7,C,438.0,Teen
282,283.0,Curtis Contreras,25,Female,68.46,81.98,96.01,89.22,82.15,Yes,Pass,246.45,B,56.0,Adult
283,284.0,Seth Rodriguez,21,Female,63.76,77.84,80.27,97.98,73.96,Yes,Pass,221.87,D,286.0,College
284,285.0,Christopher Oliver,23,Female,80.52,85.84,58.42,94.64,74.93,Yes,Pass,224.78000000000003,D,247.0,Adult
285,286.0,Jamie Cox,24,Male,70.54,81.11,100.0,69.19,83.88,No,Fail,251.65,B,33.0,Adult
286,287.0,Jennifer Lee,24,Male,67.89,85.47,26.11,76.09,59.83,No,Fail,179.47000000000003,C,773.0,Adult
287,288.0,Shelby Hanson,23,Male,71.62,80.73,33.49,79.08,61.95,Yes,Pass,185.84000000000003,C,721.0,Adult
288,289.0,Mark Young,15,Male,71.75,77.62,56.09,77.71,68.49,Yes,Pass,205.46,C,495.0,Teen
289,290.0,Kathleen Montgomery,24,Male,56.94,79.41,67.89,86.36,68.08,Yes,Pass,204.24,C,512.0,Adult
290,291.0,Bruce Owens,20,Male,84.34,79.15,65.86,69.55,76.45,No,Fail,229.35000000000002,B,198.0,College
291,292.0,Jessica Crawford,23,Female,81.11,79.51,16.86,65.61,59.16,No,Fail,177.48000000000002,C,787.0,Adult
292,293.0,Rachael Williams,25,Female,55.25,83.03,38.93,64.21,59.07,No,Fail,177.21,C,789.0,Adult
293,294.0,Brian Lambert,21,Female,75.76,78.36,34.66,58.28,62.93,No,Fail,188.78,C,691.0,College
294,295.0,Lauren Jacobs,25,Male,69.47,91.4,66.68,89.48,75.85,Yes,Pass,227.55,B,213.0,Adult
295,296.0,Robert Clark,15,Male,73.71,75.03,59.05,71.93,69.26,Yes,Pass,207.79000000000002,C,467.0,Teen
296,297.0,Jimmy Young,20,Female,56.84,80.74,58.68,87.96,65.42,Yes,Pass,196.26,C,597.0,College
297,298.0,Thomas Moore,23,Female,50.9,88.44,55.37,90.18,64.91,Yes,Pass,194.71,C,619.0,Adult
298,299.0,Jorge Munoz,24,Female,65.79,88.52,89.33,79.77,81.21,Yes,Pass,243.64,B,73.0,Adult
299,300.0,David Durham,22,Male,63.41,84.99,65.58,85.4,71.33,Yes,Pass,213.97999999999996,D,388.0,College
300,301.0,Brandon Aguilar,20,Male,69.54,86.87,81.16,79.12,79.19,Yes,Pass,237.57000000000002,B,119.0,College
301,302.0,Craig Roberts,24,Male,77.29,90.08,28.91,68.76,65.43,No,Fail,196.28,C,596.0,Adult
302,303.0,Joshua Jackson,24,Male,62.38,84.24,72.04,75.92,72.89,Yes,Pass,218.66000000000003,D,328.0,Adult
303,304.0,Toni Taylor,23,Female,77.07,77.01,69.94,75.23,74.67,Yes,Pass,224.01999999999998,D,258.0,Adult
304,305.0,James Stephens,17,Male,69.0,76.86,45.34,68.35,63.73,No,Fail,191.20000000000002,C,666.0,Teen
305,306.0,Lori Russell,18,Female,64.1,82.03,52.97,57.05,66.37,No,Fail,199.1,C,565.0,Teen
306,307.0,Claire Daniel PhD,22,Female,64.13,84.36,67.82,85.73,72.11,Yes,Pass,216.31,D,361.0,College
307,308.0,Margaret Vaughn,18,Male,77.77,74.82,61.94,62.9,71.51,No,Fail,214.52999999999997,D,383.0,Teen
308,309.0,Andrew Rhodes,17,Male,82.02,82.52,47.83,72.53,70.79,Yes,Pass,212.37,D,405.0,Teen
309,310.0,Thomas Garcia,15,Female,67.4,83.1,58.32,92.15,69.6,Yes,Pass,208.82,C,453.0,Teen
310,311.0,Katherine Rodriguez,24,Female,74.51,74.03,79.24,55.29,75.93,No,Fail,227.78000000000003,B,210.0,Adult
311,312.0,Cassie Lawrence,19,Male,69.18,83.86,71.71,62.15,74.92,No,Fail,224.75,D,248.0,Teen
312,313.0,Angela Swanson,17,Male,67.61,80.48,96.09,64.53,81.39,No,Fail,244.18,B,69.0,Teen
313,314.0,Martin Davidson,18,Male,75.7,74.86,46.93,52.49,65.83,No,Fail,197.49,C,583.0,Teen
314,315.0,Kenneth Jones,19,Female,58.15,71.56,71.38,89.39,67.03,Yes,Pass,201.09,C,543.0,Teen
315,316.0,Ronald Moran,22,Female,60.41,82.75,58.51,87.05,67.22,Yes,Pass,201.67,C,536.0,College
316,317.0,Ann Armstrong,20,Female,63.86,81.7,56.81,65.29,67.45,No,Fail,202.37,C,532.0,College
317,318.0,Randy Fowler,17,Male,63.4,80.6,38.98,52.74,61.0,No,Fail,182.98,C,744.0,Teen
318,319.0,Ashley Thompson,22,Female,64.5,82.24,51.29,57.95,66.01,No,Fail,198.03,C,578.0,College
319,320.0,Larry Barker,19,Male,72.75,75.47,60.59,91.21,69.61,Yes,Pass,208.81,C,452.0,Teen
320,321.0,Melissa Allen,24,Male,64.99,75.13,70.22,66.51,70.11,No,Fail,210.34,D,429.0,Adult
321,322.0,Jennifer Young,22,Female,72.64,86.26,75.53,99.97,78.14,Yes,Pass,234.43,B,143.0,College
322,323.0,Jacob Reyes,17,Female,72.4,72.14,33.39,67.78,59.31,No,Fail,177.93,C,784.0,Teen
323,324.0,Wayne Lopez,15,Male,69.78,70.53,50.62,82.07,63.65,Yes,Pass,190.93,C,670.0,Teen
324,325.0,Mrs. Kristen Wilson,17,Female,57.13,81.83,53.68,79.2,64.21,Yes,Pass,192.64000000000001,C,645.0,Teen
325,326.0,Darrell Burton,22,Male,85.15,82.21,69.06,96.81,78.81,Yes,Pass,236.42000000000002,B,126.0,College
326,327.0,Mark Aguirre,18,Female,63.26,73.09,55.38,77.07,63.91,Yes,Pass,191.73,C,659.0,Teen
327,328.0,Jessica Simmons,15,Male,76.35,85.96,46.48,81.7,69.6,Yes,Pass,208.79,C,453.0,Teen
328,329.0,James Gross,25,Female,68.61,82.37,60.5,56.42,70.49,No,Fail,211.48000000000002,D,416.0,Adult
329,330.0,Jacqueline Matthews,19,Male,67.22,86.46,67.91,55.86,73.86,No,Fail,221.59,D,290.0,Teen
330,331.0,Michael Garza,17,Male,75.22,75.88,54.73,52.53,68.61,No,Fail,205.82999999999998,C,491.0,Teen
331,332.0,Kristin Butler,20,Male,76.65,78.09,98.23,57.89,84.32,No,Fail,252.97000000000003,B,28.0,College
332,333.0,Thomas Webb,22,Female,43.88,72.48,68.56,85.88,61.64,Yes,Pass,184.92000000000002,C,730.0,College
333,334.0,Adam Boyd,24,Female,68.64,78.53,69.5,95.8,72.23,Yes,Pass,216.67000000000002,D,355.0,Adult
334,335.0,Cody Matthews,21,Male,69.04,83.7,64.82,52.87,72.52,No,Fail,217.56,D,343.0,College
335,336.0,Matthew Lopez,25,Male,72.93,72.47,70.66,84.29,72.02,Yes,Pass,216.06,D,366.0,Adult
336,337.0,Jennifer Jones,25,Female,64.62,74.47,50.69,72.36,63.26,Yes,Pass,189.78,C,678.0,Adult
337,338.0,Amber Mason,15,Male,57.19,87.79,66.17,60.36,70.38,No,Fail,211.15000000000003,D,422.0,Teen
338,339.0,Jennifer Rodriguez,20,Female,54.45,81.8,52.43,89.47,62.89,Yes,Pass,188.68,C,693.0,College
339,340.0,Gabriel Johnson,21,Female,67.44,81.25,40.28,54.28,62.99,No,Fail,188.97,C,688.0,College
340,341.0,Robert Cox,23,Female,72.01,77.49,90.2,58.64,79.9,No,Fail,239.7,B,98.0,Adult
341,342.0,Philip Miller,21,Female,63.78,83.57,92.82,83.97,80.06,Yes,Pass,240.17,B,96.0,College
342,343.0,Kiara Horton,24,Female,44.36,79.2,46.27,64.87,56.61,No,Fail,169.83,C,821.0,Adult
343,344.0,Andrea Davis,19,Male,70.58,68.82,33.31,59.61,57.57,No,Fail,172.70999999999998,C,811.0,Teen
344,345.0,Tim Castro,18,Female,62.24,77.38,19.69,83.19,53.11,No,Fail,159.31,C,833.0,Teen
345,346.0,Kristi Morrison,22,Female,60.78,81.31,88.98,79.04,77.02,Yes,Pass,231.07,B,177.0,College
346,347.0,Charles Yang,15,Male,75.88,82.83,70.42,55.16,76.38,No,Fail,229.13,B,200.0,Teen
347,348.0,David Ruiz,17,Female,90.32,77.72,57.89,60.48,75.31,No,Fail,225.93,B,231.0,Teen
348,349.0,Bryan Braun,19,Male,76.32,72.44,21.84,64.07,56.86,No,Fail,170.6,C,819.0,Teen
349,350.0,Teresa Graves,21,Male,73.73,79.35,36.29,90.91,63.12,Yes,Pass,189.36999999999998,C,684.0,College
350,351.0,Nicholas Ward,21,Female,60.77,82.48,53.53,59.62,65.59,No,Fail,196.78,C,591.0,College
351,352.0,Kimberly Holmes,15,Female,65.6,80.62,45.47,62.93,63.9,No,Fail,191.69,C,660.0,Teen
352,353.0,Ashley Fowler,25,Female,96.64,86.37,46.44,85.04,76.49,Yes,Pass,229.45,B,196.0,Adult
353,354.0,Meghan Chambers,24,Female,57.74,73.86,56.27,85.87,62.62,Yes,Pass,187.87,C,702.0,Adult
354,355.0,Jennifer Joyce,16,Female,71.49,76.13,59.79,50.7,69.14,No,Fail,207.41,C,472.0,Teen
355,356.0,Kyle Smith,25,Female,73.2,80.99,76.19,68.14,76.79,No,Fail,230.38,B,185.0,Adult
356,357.0,Allison Avila,16,Female,68.93,75.89,92.82,70.95,79.21,Yes,Pass,237.64,B,118.0,Teen
357,358.0,Elizabeth Lopez,15,Male,66.8,69.5,31.22,87.73,55.84,No,Fail,167.52,C,824.0,Teen
358,359.0,Michael Davis,15,Female,76.49,74.73,74.79,94.64,75.34,Yes,Pass,226.01,B,230.0,Teen
359,360.0,Michael Smith,23,Female,78.71,76.58,70.89,82.93,75.39,Yes,Pass,226.18,B,228.0,Adult
360,361.0,Jose Ramos,21,Female,78.43,85.4,82.01,85.61,81.95,Yes,Pass,245.84000000000003,B,63.0,College
361,362.0,Jill Hill,16,Female,53.6,77.41,71.47,56.37,67.49,No,Fail,202.48,C,531.0,Teen
362,363.0,Gary Johnson,18,Female,82.57,75.54,53.43,64.98,70.51,No,Fail,211.54000000000002,D,414.0,Teen
363,364.0,Justin Foster,22,Female,77.2,77.47,64.18,93.43,72.95,Yes,Pass,218.85000000000002,D,326.0,College
364,365.0,Michael Williams,15,Male,58.12,70.57,58.8,88.17,62.5,Yes,Pass,187.49,C,706.0,Teen
365,366.0,Timothy Gomez,24,Male,55.56,80.39,57.0,99.6,64.32,Yes,Pass,192.95,C,641.0,Adult
366,367.0,Vanessa Perez,24,Male,79.77,83.54,87.54,60.2,83.62,No,Fail,250.85000000000002,B,40.0,Adult
367,368.0,Deborah Rogers,19,Male,74.6,79.33,90.72,85.41,81.55,Yes,Pass,244.65,B,67.0,Teen
368,369.0,Kerry Stanley,15,Female,71.24,77.11,97.76,85.15,82.04,Yes,Pass,246.11,B,59.0,Teen
369,370.0,Wendy White,23,Female,75.83,80.67,39.35,70.58,65.28,Yes,Pass,195.85,C,604.0,Adult
370,371.0,Brandon Watson,22,Male,81.29,77.84,52.24,97.12,70.46,Yes,Pass,211.37,D,418.0,College
371,372.0,Sandra Woodward,22,Male,77.9,76.97,81.94,64.97,78.94,No,Fail,236.81,B,123.0,College
372,373.0,Megan Shaffer,22,Female,58.91,87.74,59.24,86.13,68.63,Yes,Pass,205.89,C,490.0,College
373,374.0,Wendy Price,24,Male,70.03,73.16,68.72,92.74,70.63,Yes,Pass,211.91,D,410.0,Adult
374,375.0,Danielle Mcmahon,23,Female,80.73,84.72,58.56,84.89,74.67,Yes,Pass,224.01,D,258.0,Adult
375,376.0,Steven Nolan,24,Female,71.42,78.95,61.14,86.03,70.5,Yes,Pass,211.51,D,415.0,Adult
376,377.0,Paula Curtis,18,Male,68.91,78.04,70.0,53.15,72.32,No,Fail,216.95,D,351.0,Teen
377,378.0,Jessica Cameron,21,Male,70.58,82.03,53.16,72.18,68.59,Yes,Pass,205.77,C,492.0,College
378,379.0,Ian Hale,19,Female,58.24,78.87,95.17,56.59,77.43,No,Fail,232.28000000000003,B,166.0,Teen
379,380.0,Lori Smith,19,Male,74.75,77.48,70.78,74.32,74.34,Yes,Pass,223.01000000000002,D,273.0,Teen
380,381.0,Brandi Mcdaniel,21,Male,71.62,78.21,45.07,65.57,64.97,No,Fail,194.89999999999998,C,615.0,College
381,382.0,John Miller,20,Female,50.87,84.2,81.2,65.16,72.09,No,Fail,216.26999999999998,D,363.0,College
382,383.0,David Cruz,25,Male,76.41,77.16,67.58,69.5,73.72,No,Fail,221.14999999999998,D,295.0,Adult
383,384.0,Justin Gray,22,Male,68.72,80.04,100.0,54.27,82.92,No,Fail,248.76,B,43.0,College
384,385.0,Rodney Lopez,21,Female,62.63,76.59,70.41,51.68,69.88,No,Fail,209.63,C,439.0,College
385,386.0,Kathryn Watson,22,Female,71.13,77.38,55.82,73.6,68.11,Yes,Pass,204.32999999999998,C,510.0,College
386,387.0,Roberta Lee,24,Male,76.19,76.88,28.6,82.5,60.55,Yes,Pass,181.67,C,755.0,Adult
387,388.0,Melinda Koch,16,Female,62.81,82.35,56.37,73.96,67.18,Yes,Pass,201.53,C,539.0,Teen
388,389.0,Danny Harrison,23,Female,65.93,79.13,51.13,51.6,65.4,No,Fail,196.19,C,598.0,Adult
389,390.0,John Allen,23,Male,81.42,83.58,78.13,66.1,81.04,No,Fail,243.13,B,77.0,Adult
390,391.0,Kristina Mcclain,21,Female,81.33,84.69,73.5,56.49,79.84,No,Fail,239.51999999999998,B,100.0,College
391,392.0,Jose Paul,19,Female,61.19,84.87,39.47,71.41,61.84,Yes,Pass,185.53,C,725.0,Teen
392,393.0,Teresa Walker,24,Male,83.16,77.28,80.32,65.95,80.25,No,Fail,240.76,B,90.0,Adult
393,394.0,Donna Taylor,25,Female,63.13,80.24,80.93,63.22,74.76,No,Fail,224.3,D,255.0,Adult
394,395.0,Jennifer Lewis,18,Female,71.15,78.6,49.21,92.67,66.32,Yes,Pass,198.96,C,567.0,Teen
395,396.0,John Mcgee,18,Female,52.2,69.17,70.97,66.14,64.11,No,Fail,192.34,C,649.0,Teen
396,397.0,Mr. Jerry Warren,20,Female,69.46,82.44,28.35,57.58,60.08,No,Fail,180.24999999999997,C,763.0,College
397,398.0,Melissa Hutchinson,25,Male,73.56,90.87,64.51,52.58,76.31,No,Fail,228.94,B,203.0,Adult
398,399.0,Andrew Davis,21,Female,65.65,78.44,50.19,50.45,64.76,No,Fail,194.28,C,622.0,College
399,400.0,Lisa Price DDS,16,Male,44.62,88.76,30.31,95.86,54.56,No,Fail,163.69,C,829.0,Teen
400,401.0,Robert Jones DDS,22,Male,59.51,84.37,60.7,94.31,68.19,Yes,Pass,204.57999999999998,C,507.0,College
401,402.0,Joseph Garrett Jr.,16,Male,75.23,76.88,88.22,64.95,80.11,No,Fail,240.33,B,95.0,Teen
402,403.0,Jeffrey Kramer,18,Male,79.1,78.66,41.66,95.63,66.47,Yes,Pass,199.42,C,561.0,Teen
403,404.0,Amanda Curtis,23,Male,63.8,82.58,56.19,74.15,67.52,Yes,Pass,202.57,C,529.0,Adult
404,405.0,John Mills,25,Female,76.67,72.96,47.37,91.27,65.67,Yes,Pass,197.0,C,588.0,Adult
405,406.0,Lee Turner,21,Female,58.17,84.41,57.68,94.35,66.75,Yes,Pass,200.26,C,550.0,College
406,407.0,Dr. Taylor Moyer,25,Male,56.41,76.54,48.15,83.76,60.37,Yes,Pass,181.1,C,758.0,Adult
407,408.0,Gregory Mcgee,19,Male,59.5,79.34,88.62,80.86,75.82,Yes,Pass,227.46,B,214.0,Teen
408,409.0,Faith Evans,17,Male,63.66,80.14,67.65,57.69,70.48,No,Fail,211.45000000000002,D,417.0,Teen
409,410.0,Christine Lynch,23,Female,50.12,79.45,59.65,73.29,63.07,Yes,Pass,189.22,C,685.0,Adult
410,411.0,Kelsey Smith,19,Male,64.07,84.28,35.9,89.23,61.41,Yes,Pass,184.25,C,737.0,Teen
411,412.0,Lisa Mendez,21,Female,80.55,75.49,83.61,78.37,79.88,Yes,Pass,239.64999999999998,B,99.0,College
412,413.0,James Crawford,18,Male,55.35,85.29,33.72,95.27,58.12,No,Fail,174.36,C,805.0,Teen
413,414.0,William Henderson,22,Female,80.96,80.43,46.61,63.47,69.33,No,Fail,208.0,C,464.0,College
414,415.0,Charles Barnett,22,Female,83.01,75.81,48.82,76.15,69.21,Yes,Pass,207.64,C,470.0,College
415,416.0,Courtney Gomez,18,Male,73.75,82.81,52.88,63.26,69.81,No,Fail,209.44,C,443.0,Teen
416,417.0,Reginald Fernandez,16,Female,79.0,79.63,93.12,71.8,83.92,Yes,Pass,251.75,B,32.0,Teen
417,418.0,Mrs. Mary West,23,Female,70.04,78.02,96.3,62.45,81.45,No,Fail,244.36,B,68.0,Adult
418,419.0,Richard Cain,19,Male,80.98,72.49,42.59,59.47,65.35,No,Fail,196.06,C,600.0,Teen
419,420.0,Kathleen Richards,19,Male,79.66,84.58,53.19,74.96,72.47,Yes,Pass,217.43,D,346.0,Teen
420,421.0,Jacqueline Fleming,20,Male,74.32,73.94,66.5,78.96,71.59,Yes,Pass,214.76,D,379.0,College
421,422.0,Nathan Campbell,25,Female,69.55,78.21,45.58,62.28,64.45,No,Fail,193.33999999999997,C,635.0,Adult
422,423.0,Dr. Kristin Russell,20,Male,64.97,88.48,63.84,87.94,72.43,Yes,Pass,217.29,D,348.0,College
423,424.0,Mr. Brian Ballard,25,Male,87.92,82.39,56.06,65.22,75.46,No,Fail,226.37,B,224.0,Adult
424,425.0,Marie Clay,24,Male,60.54,77.74,72.41,81.81,70.23,Yes,Pass,210.69,D,426.0,Adult
425,426.0,April Meyers,17,Male,54.17,77.54,54.97,73.88,62.23,Yes,Pass,186.68,C,714.0,Teen
426,427.0,Frank Mclaughlin,24,Female,75.87,77.93,29.22,68.84,61.0,No,Fail,183.02,C,744.0,Adult
427,428.0,Michael Harris,16,Male,64.92,76.51,57.34,89.59,66.26,Yes,Pass,198.77,C,569.0,Teen
428,429.0,Tamara Gonzalez,24,Male,87.33,83.01,89.35,91.07,86.56,Yes,Pass,259.69,A,14.0,Adult
429,430.0,John Smith,24,Male,100.0,74.85,63.68,96.27,79.51,Yes,Pass,238.53,B,111.0,Adult
430,431.0,Allison Underwood,19,Male,75.85,76.04,66.81,91.77,72.9,Yes,Pass,218.7,D,327.0,Teen
431,432.0,Jacob Cowan,25,Female,76.2,73.59,72.36,70.56,74.05,Yes,Pass,222.15000000000003,D,282.0,Adult
432,433.0,Jessica Black,21,Female,65.81,82.01,84.4,75.86,77.41,Yes,Pass,232.22,B,167.0,College
433,434.0,Heather Thomas,18,Male,62.32,75.87,63.79,72.81,67.33,Yes,Pass,201.98,C,535.0,Teen
434,435.0,Katie Taylor,19,Female,73.53,77.8,74.96,87.16,75.43,Yes,Pass,226.28999999999996,B,225.0,Teen
435,436.0,Elizabeth Michael,15,Female,81.33,74.2,60.68,78.78,72.07,Yes,Pass,216.21,D,364.0,Teen
436,437.0,Sierra Porter,25,Male,58.72,80.87,71.42,97.5,70.34,Yes,Pass,211.01,D,423.0,Adult
437,438.0,Kerri Hayes,17,Male,70.46,89.59,63.31,66.0,74.45,No,Fail,223.36,D,269.0,Teen
438,439.0,Thomas Cooper,17,Female,57.28,79.27,68.96,94.64,68.5,Yes,Pass,205.51,C,494.0,Teen
439,440.0,Carmen Campos,25,Male,52.56,73.08,45.87,96.81,57.17,No,Fail,171.51,C,815.0,Adult
440,441.0,Andrew Barnes,17,Male,75.83,71.7,49.86,72.15,65.8,Yes,Pass,197.39,C,584.0,Teen
441,442.0,Bryan Baker,22,Female,87.03,79.37,82.34,81.17,82.92,Yes,Pass,248.74,B,43.0,College
442,443.0,Jeffrey Robinson,19,Male,74.4,79.79,63.09,64.43,72.43,No,Fail,217.28,D,348.0,Teen
443,444.0,Natalie Mills,21,Male,60.76,85.18,82.34,99.63,76.09,Yes,Pass,228.28,B,206.0,College
444,445.0,James Francis,16,Female,78.56,79.79,84.01,61.29,80.78,No,Fail,242.36,B,81.0,Teen
445,446.0,Leslie Johnson,18,Male,55.51,73.8,43.07,84.95,57.46,No,Fail,172.38,C,812.0,Teen
446,447.0,Kendra Goodman,22,Male,73.72,80.62,51.91,68.65,68.75,No,Fail,206.25,C,485.0,College
447,448.0,Christopher Williamson,18,Female,67.77,81.6,35.56,62.7,61.64,No,Fail,184.93,C,730.0,Teen
448,449.0,Russell Figueroa,18,Male,55.89,73.85,61.42,72.0,63.72,Yes,Pass,191.16000000000003,C,667.0,Teen
449,450.0,Daniel Jenkins,23,Male,68.97,77.55,63.85,95.09,70.12,Yes,Pass,210.36999999999998,D,428.0,Adult
450,451.0,Nichole Dickson,21,Male,88.87,77.96,52.49,54.56,73.11,No,Fail,219.32,D,319.0,College
451,452.0,Aaron Edwards,21,Male,66.95,84.45,81.7,83.89,77.7,Yes,Pass,233.10000000000002,B,157.0,College
452,453.0,Christy Huffman,22,Male,81.76,82.32,73.84,51.16,79.3,No,Fail,237.92,B,114.0,College
453,454.0,Kathryn King,15,Female,78.07,74.07,24.38,50.98,58.84,No,Fail,176.51999999999998,C,795.0,Teen
454,455.0,Kevin Gibson,21,Male,64.96,83.65,91.89,70.29,80.16,Yes,Pass,240.5,B,92.0,College
455,456.0,Tammy Ayala,24,Female,79.51,80.99,42.31,51.14,67.6,No,Fail,202.81,C,526.0,Adult
456,457.0,Michael Jackson,22,Male,66.66,82.44,43.58,70.32,64.23,Yes,Pass,192.68,C,643.0,College
457,458.0,Christopher Allen,22,Male,66.87,81.59,86.78,78.0,78.41,Yes,Pass,235.24,B,139.0,College
458,459.0,Michele Reyes,25,Female,67.08,93.43,59.06,69.72,73.19,No,Fail,219.57,D,315.0,Adult
459,460.0,Kendra Rodriguez,16,Female,59.05,80.52,35.11,69.04,58.22,No,Fail,174.68,C,802.0,Teen
460,461.0,Jeffrey Raymond,23,Female,82.91,88.71,44.88,74.76,72.16,Yes,Pass,216.5,D,358.0,Adult
461,462.0,Seth Hardy,23,Male,71.73,77.76,28.86,76.18,59.45,No,Fail,178.35000000000002,C,779.0,Adult
462,463.0,Benjamin Miles,25,Male,78.21,75.88,56.87,54.97,70.32,No,Fail,210.95999999999998,D,425.0,Adult
463,464.0,April Ward,21,Female,78.08,75.35,61.34,92.62,71.59,Yes,Pass,214.77,D,379.0,College
464,465.0,Mitchell Peters,22,Male,75.86,74.29,49.98,99.16,66.71,Yes,Pass,200.13,C,552.0,College
465,466.0,Marcus Thompson,23,Female,70.73,81.53,32.69,56.5,61.65,No,Fail,184.95,C,729.0,Adult
466,467.0,Brittany Meyer,21,Female,68.3,75.66,85.75,68.26,76.57,No,Fail,229.70999999999998,B,194.0,College
467,468.0,Bryan Mueller,17,Female,76.59,81.75,61.33,72.25,73.22,Yes,Pass,219.67000000000002,D,312.0,Teen
468,469.0,Rachel Pham,20,Female,64.5,84.07,41.19,53.62,63.25,No,Fail,189.76,C,679.0,College
469,470.0,Mrs. Colleen Cox,16,Male,54.47,70.56,69.67,76.11,64.9,Yes,Pass,194.7,C,620.0,Teen
470,471.0,Dr. Aaron Reynolds,17,Female,65.87,81.38,51.96,56.2,66.4,No,Fail,199.21,C,563.0,Teen
471,472.0,Ryan Wilson,24,Male,75.65,79.91,68.36,89.47,74.64,Yes,Pass,223.92000000000002,D,261.0,Adult
472,473.0,Lisa Foster,24,Female,63.73,65.01,61.36,96.35,63.37,Yes,Pass,190.10000000000002,C,674.0,Adult
473,474.0,Sarah Tucker,20,Female,78.64,73.54,56.61,57.66,69.6,No,Fail,208.79000000000002,C,453.0,College
474,475.0,Ashley Richards,22,Female,72.66,85.76,65.13,88.43,74.52,Yes,Pass,223.55,D,265.0,College
475,476.0,Elizabeth Ellis,22,Male,68.22,83.33,80.73,87.54,77.43,Yes,Pass,232.28000000000003,B,166.0,College
476,477.0,Terrance Jimenez,17,Male,81.04,75.14,55.73,70.95,70.63,Yes,Pass,211.91,D,410.0,Teen
477,478.0,Emily Lucas,20,Female,83.05,74.12,34.02,72.04,63.73,Yes,Pass,191.19000000000003,C,666.0,College
478,479.0,Daniel Phillips,25,Male,65.14,76.96,28.03,97.89,56.71,No,Fail,170.13,C,820.0,Adult
479,480.0,Joseph Ingram,19,Female,74.45,82.08,86.26,84.77,80.93,Yes,Pass,242.79000000000002,B,79.0,Teen
480,481.0,Courtney Myers,15,Female,90.38,81.57,69.53,99.16,80.49,Yes,Pass,241.48,B,86.0,Teen
481,482.0,Patricia Anderson,16,Female,70.97,88.08,40.06,95.3,66.37,Yes,Pass,199.11,C,565.0,Teen
482,483.0,Vicki Alvarado,16,Male,81.5,74.65,53.25,90.84,69.8,Yes,Pass,209.4,C,444.0,Teen
483,484.0,Benjamin Pierce,17,Male,85.39,79.56,69.01,60.3,77.98,No,Fail,233.95999999999998,B,146.0,Teen
484,485.0,Mark Bishop,23,Female,73.69,79.93,78.33,73.42,77.32,Yes,Pass,231.95,B,169.0,Adult
485,486.0,Grant Lowe,25,Male,88.1,89.04,56.38,99.22,77.84,Yes,Pass,233.51999999999998,B,153.0,Adult
486,487.0,Kevin Mcdaniel,18,Female,67.6,89.45,88.83,95.93,81.96,Yes,Pass,245.88,B,62.0,Teen
487,488.0,Joshua Pham,22,Male,76.42,81.72,46.33,99.07,68.16,Yes,Pass,204.46999999999997,C,508.0,College
488,489.0,Gary Walker,19,Female,74.28,78.88,47.68,59.0,66.95,No,Fail,200.84,C,547.0,Teen
489,490.0,Ashley Rogers,19,Male,66.06,77.53,39.35,55.82,60.98,No,Fail,182.94,C,745.0,Teen
490,491.0,Nathan Middleton,18,Female,82.22,81.1,93.57,57.42,85.63,No,Fail,256.89,A,21.0,Teen
491,492.0,Richard Norris,22,Female,91.92,76.14,51.95,75.23,73.33,Yes,Pass,220.01,D,309.0,College
492,493.0,Amber Cervantes,23,Male,68.46,75.64,36.07,92.94,60.06,Yes,Pass,180.17,C,765.0,Adult
493,494.0,Dominic Barnes,16,Male,74.52,87.79,89.31,99.23,83.88,Yes,Pass,251.62,B,33.0,Teen
494,495.0,Christopher Parker,19,Female,66.39,85.89,32.15,66.78,61.47,No,Fail,184.43,C,736.0,Teen
495,496.0,Ashley Maldonado,18,Female,64.29,76.34,51.92,50.05,64.18,No,Fail,192.55,C,647.0,Teen
496,497.0,Kathleen Lewis,25,Male,61.99,88.26,74.47,95.25,74.91,Yes,Pass,224.72,D,249.0,Adult
497,498.0,Peter Lloyd,16,Male,60.6,80.64,56.26,97.7,65.83,Yes,Pass,197.5,C,583.0,Teen
498,499.0,Stephen Fletcher DDS,21,Male,73.09,68.72,64.55,75.47,68.78,Yes,Pass,206.36,C,484.0,College
499,500.0,Vernon Bryant,16,Male,69.01,79.91,56.28,67.01,68.4,No,Fail,205.20000000000002,C,498.0,Teen
500,501.0,John Conley,17,Female,68.17,80.84,53.77,57.31,67.59,No,Fail,202.78,C,527.0,Teen
501,502.0,Erica Estrada,22,Male,79.44,79.62,64.1,78.37,74.39,Yes,Pass,223.16,D,271.0,College
502,503.0,Keith Sweeney,22,Male,72.57,81.16,83.58,69.08,79.1,No,Fail,237.31,B,121.0,College
503,504.0,James Ball,16,Female,69.21,79.62,57.81,85.7,68.88,Yes,Pass,206.64,C,481.0,Teen
504,505.0,Jon Wright,17,Male,71.71,80.94,71.24,87.52,74.63,Yes,Pass,223.89,D,262.0,Teen
505,506.0,Erik Simpson,15,Female,81.0,77.92,57.35,79.67,72.09,Yes,Pass,216.27,D,363.0,Teen
506,507.0,Richard Ross,19,Male,73.82,82.91,43.73,53.2,66.82,No,Fail,200.45999999999998,C,549.0,Teen
507,508.0,Tiffany Waters,17,Female,70.24,80.27,60.16,93.4,70.22,Yes,Pass,210.67,D,427.0,Teen
508,509.0,Christina Poole,22,Female,66.12,81.4,69.37,95.53,72.3,Yes,Pass,216.89000000000001,D,353.0,College
509,510.0,Nicholas Wilson,18,Male,50.58,81.86,53.39,94.23,61.95,Yes,Pass,185.82999999999998,C,721.0,Teen
510,511.0,Roy Melendez,17,Male,74.22,86.52,82.32,57.31,81.02,No,Fail,243.06,B,78.0,Teen
511,512.0,Leslie Jackson,22,Male,59.33,83.34,63.81,51.33,68.83,No,Fail,206.48000000000002,C,483.0,College
512,513.0,Katelyn Robinson,20,Male,71.47,77.97,43.98,66.71,64.47,No,Fail,193.42,C,633.0,College
513,514.0,Brian Buck,21,Male,76.16,79.3,64.25,91.71,73.24,Yes,Pass,219.70999999999998,D,311.0,College
514,515.0,Dana Morgan,25,Female,66.78,86.41,74.5,87.3,75.9,Yes,Pass,227.69,B,211.0,Adult
515,516.0,Carlos Hicks,19,Female,68.73,75.83,56.93,76.83,67.16,Yes,Pass,201.49,C,540.0,Teen
516,517.0,Chad Mitchell,22,Male,67.12,79.89,62.91,80.14,69.97,Yes,Pass,209.92,C,436.0,College
517,518.0,Paul Woodward,23,Male,58.34,82.39,76.85,68.56,72.53,No,Fail,217.58,D,342.0,Adult
518,519.0,Melissa Davidson,15,Male,82.37,85.24,47.19,97.03,71.6,Yes,Pass,214.8,D,378.0,Teen
519,520.0,Nicole Harris,15,Male,80.68,84.01,51.88,70.81,72.19,Yes,Pass,216.57,D,356.0,Teen
520,521.0,Denise Carlson,15,Female,69.31,84.62,34.53,59.42,62.82,No,Fail,188.46,C,695.0,Teen
521,522.0,Ashley Marshall,24,Female,64.09,75.23,69.31,91.14,69.54,Yes,Pass,208.63,C,455.0,Adult
522,523.0,Patricia Lopez,25,Male,77.75,75.38,84.56,97.34,79.23,Yes,Pass,237.69,B,116.0,Adult
523,524.0,Lisa Burnett,23,Male,67.5,82.89,72.2,72.63,74.2,Yes,Pass,222.58999999999997,D,278.0,Adult
524,525.0,Melanie Terry,17,Male,68.44,75.36,44.27,70.48,62.69,Yes,Pass,188.07000000000002,C,699.0,Teen
525,526.0,Bradley Turner,16,Female,82.7,78.66,86.25,91.35,82.53,Yes,Pass,247.61,B,45.0,Teen
526,527.0,Robert Davies,23,Female,65.63,96.75,37.88,92.31,66.75,Yes,Pass,200.26,C,550.0,Adult
527,528.0,Lindsey Thompson,24,Female,63.55,76.82,73.53,94.95,71.3,Yes,Pass,213.9,D,389.0,Adult
528,529.0,Stephen Garrett,25,Male,68.67,82.94,76.0,76.0,75.87,Yes,Pass,227.61,B,212.0,Adult
529,530.0,Kelly Oliver,19,Male,71.45,84.17,100.0,88.2,85.21,Yes,Pass,255.62,A,23.0,Teen
530,531.0,Savannah Vaughan,16,Female,58.58,76.92,100.0,89.03,78.5,Yes,Pass,235.5,B,134.0,Teen
531,532.0,Amy Watson,22,Female,75.7,75.26,100.0,77.71,83.65,Yes,Pass,250.96,B,39.0,College
532,533.0,Jennifer Williams,21,Male,53.33,90.36,55.49,60.43,66.39,No,Fail,199.18,C,564.0,College
533,534.0,Tamara Wright,22,Female,48.51,83.85,98.01,98.49,76.79,Yes,Pass,230.37,B,185.0,College
534,535.0,Chris George,21,Male,76.54,78.3,75.01,80.38,76.62,Yes,Pass,229.85000000000002,B,192.0,College
535,536.0,Jacqueline Hill,21,Male,74.78,81.96,90.48,62.55,82.41,No,Fail,247.22000000000003,B,48.0,College
536,537.0,Billy Sloan,17,Female,68.98,79.21,36.43,78.09,61.54,Yes,Pass,184.62,C,733.0,Teen
537,538.0,Shannon Jackson MD,20,Male,55.93,82.59,40.22,84.62,59.58,No,Fail,178.74,C,776.0,College
538,539.0,Connie Bates,22,Male,55.76,82.73,57.91,61.88,65.47,No,Fail,196.4,C,595.0,College
539,540.0,Brittney Hernandez,22,Male,69.72,74.89,80.36,98.81,74.99,Yes,Pass,224.97000000000003,D,244.0,College
540,541.0,Ann Alvarado,17,Male,69.59,82.15,24.39,62.37,58.71,No,Fail,176.13,C,799.0,Teen
541,542.0,John Fernandez,16,Female,71.28,72.76,46.37,84.65,63.47,Yes,Pass,190.41000000000003,C,671.0,Teen
542,543.0,Michelle Davis,24,Female,73.69,82.25,66.79,55.67,74.24,No,Fail,222.73000000000002,D,277.0,Adult
543,544.0,Lori Sanchez,17,Female,62.86,80.68,37.17,58.97,60.23,No,Fail,180.71000000000004,C,760.0,Teen
544,545.0,Tyler Forbes,19,Male,65.06,74.93,69.58,57.19,69.86,No,Fail,209.57,C,441.0,Teen
545,546.0,Ashley Patel,21,Female,68.06,88.47,42.9,55.65,66.48,No,Fail,199.43,C,560.0,College
546,547.0,Mrs. Jennifer Jones,21,Male,67.54,79.58,40.12,60.94,62.41,No,Fail,187.24,C,710.0,College
547,548.0,David Weaver,24,Female,76.17,80.26,40.09,60.08,65.51,No,Fail,196.52,C,594.0,Adult
548,549.0,James Johnson,16,Male,54.16,78.25,68.46,56.5,66.96,No,Fail,200.87,C,546.0,Teen
549,550.0,Lauren Miranda,24,Male,53.34,85.74,52.74,86.64,63.94,Yes,Pass,191.82,C,658.0,Adult
550,551.0,Andrew Wilson,25,Male,62.11,80.34,42.99,73.06,61.81,Yes,Pass,185.44,C,726.0,Adult
551,552.0,Derek Harris,15,Male,70.92,76.69,34.62,75.87,60.74,Yes,Pass,182.23000000000002,C,750.0,Teen
552,553.0,Matthew Colon,20,Female,81.12,81.42,66.44,94.26,76.33,Yes,Pass,228.98000000000002,B,201.0,College
553,554.0,Shaun Cooper,18,Male,52.99,78.53,62.56,52.09,64.7,No,Fail,194.08,C,625.0,Teen
554,555.0,Joshua Moody,15,Female,77.87,82.24,49.43,71.38,69.85,Yes,Pass,209.54000000000002,C,442.0,Teen
555,556.0,Kyle Simmons,24,Male,79.08,70.34,67.68,84.4,72.36,Yes,Pass,217.10000000000002,D,350.0,Adult
556,557.0,Kerri Wright,20,Female,69.59,86.46,71.83,60.2,75.96,No,Fail,227.88,B,209.0,College
557,558.0,Elizabeth Moreno,18,Male,58.32,76.81,46.88,59.13,60.67,No,Fail,182.01,C,752.0,Teen
558,559.0,Jessica Jackson,18,Female,69.08,84.45,38.73,54.51,64.09,No,Fail,192.26,C,650.0,Teen
559,560.0,Bradley Taylor,21,Male,84.24,81.62,73.47,85.75,79.77,Yes,Pass,239.33,B,103.0,College
560,561.0,Jaclyn Wise,24,Female,94.25,88.57,46.68,95.19,76.5,Yes,Pass,229.5,B,195.0,Adult
561,562.0,Robert Wright,15,Female,75.1,78.7,67.07,55.22,73.62,No,Fail,220.87,D,299.0,Teen
562,563.0,Donna Spencer,23,Male,79.79,83.23,38.57,70.67,67.19,Yes,Pass,201.59,C,538.0,Adult
563,564.0,Sonya Holt,15,Male,75.64,76.1,2.29,56.92,51.34,No,Fail,154.03,C,837.0,Teen
564,565.0,Alex Doyle,22,Female,48.72,78.18,94.14,54.8,73.68,No,Fail,221.04000000000002,D,297.0,College
565,566.0,Heather Hensley,18,Female,57.26,75.55,50.44,54.94,61.08,No,Fail,183.25,C,743.0,Teen
566,567.0,Michael George,15,Female,68.16,76.51,72.68,65.24,72.45,No,Fail,217.35000000000002,D,347.0,Teen
567,568.0,Lauren Lewis,16,Male,70.51,80.21,73.99,81.43,74.9,Yes,Pass,224.70999999999998,D,250.0,Teen
568,569.0,Brent Brown,19,Male,72.49,79.23,63.83,80.73,71.85,Yes,Pass,215.55,D,373.0,Teen
569,570.0,Tyler Hull,16,Female,68.9,88.65,51.36,93.39,69.64,Yes,Pass,208.91000000000003,C,450.0,Teen
570,571.0,Roy Gonzalez,17,Male,60.74,70.53,64.76,95.91,65.34,Yes,Pass,196.03000000000003,C,601.0,Teen
571,572.0,Amber Peters,19,Female,52.49,83.62,51.47,61.05,62.53,No,Fail,187.58,C,704.0,Teen
572,573.0,Carolyn Hernandez,25,Female,65.14,81.3,45.05,97.88,63.83,Yes,Pass,191.49,C,662.0,Adult
573,574.0,Nancy Lopez,22,Female,86.7,81.83,95.73,62.11,88.09,No,Fail,264.26,A,7.0,College
574,575.0,Joseph Tucker,19,Male,72.18,85.05,20.98,65.05,59.4,No,Fail,178.21,C,782.0,Teen
575,576.0,Daniel Wells,24,Female,56.03,76.96,73.7,69.52,68.89,No,Fail,206.69,C,480.0,Adult
576,577.0,Paul Mclaughlin,19,Male,88.89,89.86,69.23,67.45,82.66,No,Fail,247.98000000000002,B,44.0,Teen
577,578.0,Evelyn Lee,20,Female,79.18,78.02,63.56,96.43,73.59,Yes,Pass,220.76,D,300.0,College
578,579.0,Gabriel Valdez,22,Male,70.61,77.44,92.06,88.98,80.04,Yes,Pass,240.11,B,97.0,College
579,580.0,Jose Becker,22,Female,75.95,76.01,60.87,94.54,70.94,Yes,Pass,212.83,D,400.0,College
580,581.0,Regina Rosales,15,Male,56.32,84.41,83.23,55.46,74.65,No,Fail,223.95999999999998,D,260.0,Teen
581,582.0,Debra Morris,25,Female,62.48,87.53,55.41,56.6,68.47,No,Fail,205.42,C,496.0,Adult
582,583.0,Brent West,19,Female,84.74,82.85,64.88,86.72,77.49,Yes,Pass,232.46999999999997,B,163.0,Teen
583,584.0,Justin Hogan,21,Male,76.85,77.46,34.42,67.38,62.91,No,Fail,188.73000000000002,C,692.0,College
584,585.0,James Miller,25,Female,57.04,79.75,59.63,95.45,65.47,Yes,Pass,196.42,C,595.0,Adult
585,586.0,Justin Ortiz,25,Female,71.24,85.75,48.51,53.19,68.5,No,Fail,205.5,C,494.0,Adult
586,587.0,Jeffrey Smith,24,Male,76.06,87.17,40.05,56.77,67.76,No,Fail,203.28000000000003,C,519.0,Adult
587,588.0,Stacy Reed,20,Male,79.24,79.22,66.0,96.41,74.82,Yes,Pass,224.45999999999998,D,252.0,College
588,589.0,Jeffrey Robinson,25,Male,74.98,85.79,59.97,86.33,73.58,Yes,Pass,220.74,D,301.0,Adult
589,590.0,Kara Smith,15,Female,72.87,86.73,65.48,79.9,75.03,Yes,Pass,225.08000000000004,B,240.0,Teen
590,591.0,Rita Bailey,17,Female,75.11,79.59,64.9,70.2,73.2,Yes,Pass,219.6,D,314.0,Teen
591,592.0,Tamara Bailey,20,Female,72.65,74.38,85.18,81.85,77.4,Yes,Pass,232.21,B,168.0,College
592,593.0,Dustin Padilla,20,Male,62.69,79.01,63.13,90.06,68.28,Yes,Pass,204.82999999999998,C,501.0,College
593,594.0,Jordan Briggs,24,Female,63.74,73.02,60.46,62.66,65.74,No,Fail,197.22,C,586.0,Adult
594,595.0,William Washington,18,Female,78.29,79.84,52.04,97.38,70.06,Yes,Pass,210.17,D,431.0,Teen
595,596.0,Paula Willis,24,Male,85.87,84.2,28.13,79.71,66.06,Yes,Pass,198.2,C,576.0,Adult
596,597.0,Amanda Garcia,18,Female,88.01,75.22,71.56,85.36,78.27,Yes,Pass,234.79000000000002,B,140.0,Teen
597,598.0,Karen Patterson,24,Male,85.78,81.64,55.43,51.35,74.28,No,Fail,222.85000000000002,D,275.0,Adult
598,599.0,Guy Medina,15,Female,58.86,71.49,62.73,69.9,64.36,No,Fail,193.07999999999998,C,639.0,Teen
599,600.0,Jesse Smith,17,Male,61.31,78.21,72.0,74.99,70.51,Yes,Pass,211.51999999999998,D,414.0,Teen
600,601.0,Hunter Ramirez,19,Female,54.68,87.26,55.99,63.94,65.98,No,Fail,197.93,C,579.0,Teen
601,602.0,Kenneth Lee,24,Female,76.86,77.96,43.67,76.48,66.16,Yes,Pass,198.49,C,573.0,Adult
602,603.0,Eileen Pineda,23,Female,73.03,84.15,86.25,64.99,81.14,No,Fail,243.43,B,75.0,Adult
603,604.0,Samuel Carpenter,23,Male,79.27,76.6,63.38,60.09,73.08,No,Fail,219.25,D,320.0,Adult
604,605.0,Kara Hogan,23,Male,67.0,80.44,88.92,54.65,78.79,No,Fail,236.36,B,127.0,Adult
605,606.0,Jason Walton,23,Male,87.25,88.21,43.24,78.55,72.9,Yes,Pass,218.7,D,327.0,Adult
606,607.0,Ronald Drake,20,Male,52.23,79.89,71.91,81.5,68.01,Yes,Pass,204.03,C,514.0,College
607,608.0,Gregory Martin,16,Female,77.37,88.76,50.18,83.84,72.1,Yes,Pass,216.31,D,362.0,Teen
608,609.0,Debra Lester,24,Female,77.07,78.25,21.61,79.87,58.98,No,Fail,176.93,C,791.0,Adult
609,610.0,Mitchell Grant,25,Male,60.06,79.82,62.98,84.53,67.62,Yes,Pass,202.85999999999999,C,525.0,Adult
610,611.0,Jeremy Richmond,15,Female,74.31,76.08,73.59,99.79,74.66,Yes,Pass,223.98,D,259.0,Teen
611,612.0,George Hanna,15,Male,64.02,70.8,100.0,60.66,78.27,No,Fail,234.82,B,140.0,Teen
612,613.0,Charles Potter,23,Male,93.3,75.45,26.4,55.88,65.05,No,Fail,195.15,C,611.0,Adult
613,614.0,Brianna Navarro,16,Female,78.3,80.89,32.43,92.55,63.88,Yes,Pass,191.62,C,661.0,Teen
614,615.0,Cindy Cooper,15,Male,88.58,81.86,82.24,57.1,84.23,No,Fail,252.68,B,29.0,Teen
615,616.0,Sheena James,25,Male,61.47,82.3,31.22,78.81,58.33,No,Fail,174.98999999999998,C,801.0,Adult
616,617.0,Hannah Washington,24,Female,71.32,77.69,69.16,56.05,72.73,No,Fail,218.17,D,334.0,Adult
617,618.0,Dylan Everett,20,Male,77.79,74.33,39.81,92.62,63.98,Yes,Pass,191.93,C,655.0,College
618,619.0,Frances Robinson,21,Female,57.14,84.82,67.09,90.14,69.69,Yes,Pass,209.04999999999998,C,448.0,College
619,620.0,Keith Gonzalez,22,Male,57.33,77.58,81.08,80.42,72.0,Yes,Pass,215.99,D,368.0,College
620,621.0,Lindsay Dean,16,Female,91.82,75.56,68.14,79.97,78.51,Yes,Pass,235.51999999999998,B,133.0,Teen
621,622.0,Joshua Mclean,20,Female,58.06,72.55,79.0,90.22,69.87,Yes,Pass,209.61,C,440.0,College
622,623.0,Karen Barnes,15,Female,56.97,89.59,48.23,79.88,64.93,Yes,Pass,194.79,C,617.0,Teen
623,624.0,Mary Johnson,20,Male,56.82,71.84,50.41,96.88,59.69,No,Fail,179.07,C,774.0,College
624,625.0,Misty Bennett,24,Male,72.56,83.97,23.64,67.42,60.06,No,Fail,180.17000000000002,C,765.0,Adult
625,626.0,Steve David,20,Male,58.52,85.34,79.15,95.78,74.34,Yes,Pass,223.01000000000002,D,273.0,College
626,627.0,Jose Smith,21,Male,78.59,76.82,62.55,64.3,72.65,No,Fail,217.95999999999998,D,335.0,College
627,628.0,Pamela Johnson,15,Male,77.52,86.4,51.52,90.01,71.81,Yes,Pass,215.44000000000003,D,374.0,Teen
628,629.0,Kim Nguyen,18,Female,74.13,83.72,65.55,87.45,74.47,Yes,Pass,223.39999999999998,D,268.0,Teen
629,630.0,Martin Weber Jr.,22,Male,73.28,79.38,100.0,50.92,84.22,No,Fail,252.66,B,30.0,College
630,631.0,Dennis Meadows,24,Female,66.72,74.66,79.73,96.47,73.7,Yes,Pass,221.11,D,296.0,Adult
631,632.0,Richard Schultz,15,Male,75.81,81.89,50.58,94.64,69.43,Yes,Pass,208.27999999999997,C,460.0,Teen
632,633.0,Nancy Collins,21,Male,55.05,76.94,95.29,61.76,75.76,No,Fail,227.28000000000003,B,216.0,College
633,634.0,Lisa Miller,21,Male,62.69,73.78,56.69,92.9,64.39,Yes,Pass,193.16,C,638.0,College
634,635.0,Tracy Frey,23,Male,75.43,84.32,87.11,95.8,82.29,Yes,Pass,246.86,B,50.0,Adult
635,636.0,Kimberly Lewis,24,Male,60.8,87.66,33.12,92.06,60.52,Yes,Pass,181.57999999999998,C,756.0,Adult
636,637.0,Alan Valentine,22,Male,73.98,87.62,77.6,96.19,79.73,Yes,Pass,239.20000000000002,B,104.0,College
637,638.0,Robert Knight,16,Male,63.71,87.0,84.6,91.33,78.44,Yes,Pass,235.31,B,138.0,Teen
638,639.0,Bradley Figueroa,25,Male,63.62,84.25,56.79,69.52,68.22,No,Fail,204.66,C,505.0,Adult
639,640.0,Stanley Boone,19,Male,85.88,89.82,41.56,62.51,72.42,No,Fail,217.26,D,349.0,Teen
640,641.0,Mark Johnson MD,24,Female,88.52,85.34,46.76,62.03,73.54,No,Fail,220.62,D,303.0,Adult
641,642.0,Alexandra Avila,17,Female,84.82,76.27,50.75,95.09,70.62,Yes,Pass,211.83999999999997,D,411.0,Teen
642,643.0,Adam Burnett,17,Female,79.29,80.71,36.94,62.33,65.65,No,Fail,196.94,C,589.0,Teen
643,644.0,Ryan Hill,18,Female,78.15,86.03,57.8,95.34,73.99,Yes,Pass,221.98000000000002,D,284.0,Teen
644,645.0,Brandon Mcmahon,22,Male,83.2,74.34,55.38,54.5,70.97,No,Fail,212.92000000000002,D,399.0,College
645,646.0,Nancy Campbell,23,Female,77.01,83.59,57.24,77.75,72.61,Yes,Pass,217.84000000000003,D,338.0,Adult
646,647.0,Marcus Fletcher,21,Female,48.49,74.33,66.87,82.15,63.23,Yes,Pass,189.69,C,681.0,College
647,648.0,Michele Maynard,21,Male,73.65,89.38,23.57,53.78,62.2,No,Fail,186.6,C,715.0,College
648,649.0,Patricia Little,16,Female,78.21,78.99,64.72,99.45,73.98,Yes,Pass,221.92,D,285.0,Teen
649,650.0,Charles Davis DDS,17,Male,58.82,86.08,71.25,72.94,72.05,Yes,Pass,216.15,D,365.0,Teen
650,651.0,Veronica Daniel,15,Male,77.84,89.54,48.26,50.49,71.88,No,Fail,215.64,D,371.0,Teen
651,652.0,Tammy Wilson,15,Female,71.76,88.96,55.78,92.86,72.16,Yes,Pass,216.5,D,358.0,Teen
652,653.0,Judy Phillips,22,Female,85.42,80.91,77.34,90.44,81.22,Yes,Pass,243.67,B,72.0,College
653,654.0,Mrs. Deborah Henderson,20,Female,69.9,79.27,82.39,90.67,77.19,Yes,Pass,231.56,B,174.0,College
654,655.0,John Bryant,18,Male,56.16,79.49,89.37,78.33,75.01,Yes,Pass,225.01999999999998,B,242.0,Teen
655,656.0,Trevor Crane,24,Female,49.4,80.18,55.85,53.72,61.81,No,Fail,185.43,C,726.0,Adult
656,657.0,Johnathan Lee,22,Female,70.07,80.05,57.68,56.17,69.27,No,Fail,207.8,C,466.0,College
657,658.0,Matthew King,17,Female,66.73,82.7,66.72,81.53,72.05,Yes,Pass,216.15,D,365.0,Teen
658,659.0,Micheal Smith,21,Female,61.7,80.11,54.4,69.1,65.4,No,Fail,196.21,C,598.0,College
659,660.0,Jonathan Reese,15,Female,64.31,81.76,62.85,90.46,69.64,Yes,Pass,208.92,C,450.0,Teen
660,661.0,Jason Ruiz,19,Male,81.61,72.36,45.57,94.04,66.51,Yes,Pass,199.54,C,558.0,Teen
661,662.0,Kevin Manning,21,Male,67.94,81.9,88.72,66.36,79.52,No,Fail,238.56,B,110.0,College
662,663.0,Lance Hunter,20,Female,74.19,86.35,72.88,81.86,77.8,Yes,Pass,233.42,B,154.0,College
663,664.0,Johnny Huber,24,Male,60.3,72.93,71.75,77.35,68.32,Yes,Pass,204.98000000000002,C,499.0,Adult
664,665.0,Tim Kent,15,Female,65.99,79.7,67.79,85.26,71.16,Yes,Pass,213.48000000000002,D,393.0,Teen
665,666.0,Danny Fisher,23,Male,68.31,78.0,25.11,52.86,57.14,No,Fail,171.42000000000002,C,816.0,Adult
666,667.0,Kimberly Lloyd,19,Male,77.92,86.19,100.0,52.26,88.04,No,Fail,264.11,A,8.0,Teen
667,668.0,James Flynn,16,Female,74.5,83.74,55.82,79.81,71.35,Yes,Pass,214.06,D,387.0,Teen
668,669.0,Jake Schultz,19,Male,78.07,73.68,51.84,59.66,67.86,No,Fail,203.59,C,516.0,Teen
669,670.0,Jamie Brown,18,Male,83.05,86.15,100.0,79.3,89.73,Yes,Pass,269.2,A,2.0,Teen
670,671.0,William Park,21,Male,84.5,75.63,42.82,94.73,67.65,Yes,Pass,202.95,C,523.0,College
671,672.0,David Anderson,23,Male,67.86,79.35,74.35,75.08,73.85,Yes,Pass,221.55999999999997,D,291.0,Adult
672,673.0,Lindsay Hale,23,Male,86.36,83.7,55.66,64.93,75.24,No,Fail,225.72,B,234.0,Adult
673,674.0,Zachary Williams,24,Female,71.95,74.1,35.5,70.72,60.52,Yes,Pass,181.55,C,756.0,Adult
674,675.0,Francisco George,17,Male,64.5,81.62,81.27,50.58,75.8,No,Fail,227.39,B,215.0,Teen
675,676.0,Bradley Lee,15,Female,62.25,83.25,100.0,59.23,81.83,No,Fail,245.5,B,64.0,Teen
676,677.0,Derrick Miles,24,Female,73.09,87.36,57.84,60.36,72.76,No,Fail,218.29,D,333.0,Adult
677,678.0,Cynthia Rivas,18,Female,65.48,73.13,61.39,59.18,66.66,No,Fail,200.0,C,553.0,Teen
678,679.0,Brandon Moore,22,Female,63.64,78.79,55.7,74.78,66.04,Yes,Pass,198.13,C,577.0,College
679,680.0,Crystal Lynch,22,Male,72.67,86.07,55.67,81.46,71.47,Yes,Pass,214.41000000000003,D,384.0,College
680,681.0,Aaron Hudson,19,Male,80.55,87.35,63.94,83.42,77.28,Yes,Pass,231.83999999999997,B,172.0,Teen
681,682.0,James Hunt,21,Female,68.98,78.8,76.35,90.98,74.71,Yes,Pass,224.13,D,257.0,College
682,683.0,Aaron Edwards,22,Female,73.7,80.0,93.11,64.18,82.27,No,Fail,246.81,B,52.0,College
683,684.0,Jeremy Rodriguez,25,Female,52.44,78.67,100.0,54.65,77.04,No,Fail,231.11,B,176.0,Adult
684,685.0,Tanya Smith,21,Female,69.5,81.41,44.37,54.53,65.09,No,Fail,195.28,C,609.0,College
685,686.0,Amanda Carpenter,25,Female,67.77,71.63,80.28,87.8,73.22,Yes,Pass,219.67999999999998,D,312.0,Adult
686,687.0,Matthew Bush,23,Female,85.31,72.97,49.05,83.72,69.11,Yes,Pass,207.32999999999998,C,473.0,Adult
687,688.0,Benjamin Black,22,Male,58.41,86.19,51.29,87.39,65.29,Yes,Pass,195.89,C,603.0,College
688,689.0,Kendra Smith,20,Female,62.4,86.83,35.35,62.56,61.53,No,Fail,184.57999999999998,C,734.0,College
689,690.0,Linda Daniels,20,Male,72.61,73.66,66.3,97.34,70.86,Yes,Pass,212.57,D,402.0,College
690,691.0,Kyle Wade,23,Female,69.44,83.72,77.97,86.09,77.04,Yes,Pass,231.13,B,176.0,Adult
691,692.0,Jonathan Mckinney,21,Female,75.57,80.2,48.88,59.36,68.22,No,Fail,204.64999999999998,C,505.0,College
692,693.0,Jeff Smith,23,Male,75.58,82.48,52.04,99.52,70.03,Yes,Pass,210.1,D,434.0,Adult
693,694.0,Arthur Jackson,17,Male,84.35,74.05,74.28,83.84,77.56,Yes,Pass,232.67999999999998,B,162.0,Teen
694,695.0,Bryan Wang,20,Female,73.99,86.57,76.76,62.0,79.1,No,Fail,237.32,B,121.0,College
695,696.0,Justin Hicks,21,Female,77.89,85.68,67.43,68.28,77.0,No,Fail,231.0,B,178.0,College
696,697.0,Amy Jacobs,15,Female,55.93,74.2,60.89,95.26,63.67,Yes,Pass,191.01999999999998,C,669.0,Teen
697,698.0,Sherri Vance,23,Female,63.97,81.0,59.75,73.18,68.24,Yes,Pass,204.72,C,503.0,Adult
698,699.0,Margaret Adams,15,Female,52.09,81.4,76.72,84.13,70.07,Yes,Pass,210.21,D,430.0,Teen
699,700.0,Cathy Blankenship,21,Male,74.06,67.91,1.55,54.94,47.84,No,Fail,143.52,D,840.0,College
700,701.0,Luke Rios,25,Male,67.6,79.21,38.92,71.65,61.91,Yes,Pass,185.73000000000002,C,723.0,Adult
701,702.0,Todd Scott,25,Male,76.71,76.54,97.88,90.14,83.71,Yes,Pass,251.13,B,37.0,Adult
702,703.0,Brian Armstrong,19,Male,65.52,87.2,54.32,65.96,69.01,No,Fail,207.04,C,476.0,Teen
703,704.0,John Skinner,21,Female,68.04,83.49,73.49,79.88,75.01,Yes,Pass,225.01999999999998,B,242.0,College
704,705.0,Theresa Taylor,24,Male,69.75,73.31,75.12,89.3,72.73,Yes,Pass,218.18,D,334.0,Adult
705,706.0,Justin Thomas,21,Male,84.27,82.18,40.47,98.35,68.97,Yes,Pass,206.92,C,477.0,College
706,707.0,Joel Myers,17,Male,72.47,89.35,39.57,72.63,67.13,Yes,Pass,201.39,C,541.0,Teen
707,708.0,Chelsey Roberts,21,Male,66.18,83.91,86.66,97.57,78.92,Yes,Pass,236.75,B,124.0,College
708,709.0,Zachary Lee,25,Male,85.01,77.68,52.3,59.42,71.66,No,Fail,214.99,D,376.0,Adult
709,710.0,Tiffany Bell,23,Female,72.93,78.61,100.0,62.09,83.85,No,Fail,251.54000000000002,B,34.0,Adult
710,711.0,Lisa Johnson,19,Female,69.56,79.05,79.17,52.04,75.93,No,Fail,227.78000000000003,B,210.0,Teen
711,712.0,Michael Kelly,22,Male,75.18,84.58,48.04,61.75,69.27,No,Fail,207.79999999999998,C,466.0,College
712,713.0,Wayne Lopez,16,Male,60.11,87.85,78.19,78.94,75.38,Yes,Pass,226.14999999999998,B,229.0,Teen
713,714.0,Paul Allen,19,Male,63.82,76.31,42.71,73.92,60.95,Yes,Pass,182.84,C,746.0,Teen
714,715.0,Angela Collier,23,Female,75.77,71.4,91.77,66.78,79.65,No,Fail,238.94,B,106.0,Adult
715,716.0,George Donovan,25,Female,80.53,87.83,56.15,81.05,74.83,Yes,Pass,224.51000000000002,D,251.0,Adult
716,717.0,Dawn Johnson,19,Female,56.18,84.24,52.8,85.56,64.41,Yes,Pass,193.21999999999997,C,637.0,Teen
717,718.0,Darren Stewart,17,Female,74.73,78.32,94.24,71.36,82.43,Yes,Pass,247.29000000000002,B,47.0,Teen
718,719.0,Sara Haney,18,Female,72.92,82.45,77.78,81.86,77.72,Yes,Pass,233.15,B,156.0,Teen
719,720.0,Sandra Gillespie,16,Female,80.67,80.29,37.2,93.45,66.06,Yes,Pass,198.16000000000003,C,576.0,Teen
720,721.0,Pam York,22,Male,68.89,83.16,59.25,83.07,70.43,Yes,Pass,211.3,D,419.0,College
721,722.0,Donna Davis,25,Female,55.45,75.37,77.44,75.38,69.42,Yes,Pass,208.26,C,461.0,Adult
722,723.0,Troy Mcbride,24,Male,84.17,84.78,18.89,99.62,62.61,Yes,Pass,187.83999999999997,C,703.0,Adult
723,724.0,Monique Walsh,22,Male,83.44,72.98,36.24,57.06,64.22,No,Fail,192.66000000000003,C,644.0,College
724,725.0,Patty Casey DDS,19,Female,48.11,81.27,64.21,54.77,64.53,No,Fail,193.58999999999997,C,630.0,Teen
725,726.0,Erica Williams,23,Female,61.81,79.04,85.63,96.19,75.49,Yes,Pass,226.48000000000002,B,223.0,Adult
726,727.0,Melissa Morrison,25,Female,59.99,76.92,88.75,95.1,75.22,Yes,Pass,225.66,B,235.0,Adult
727,728.0,Dylan Johns,24,Male,54.56,78.94,52.39,71.15,61.96,Yes,Pass,185.89,C,720.0,Adult
728,729.0,Jennifer Patterson,18,Male,78.19,80.48,75.23,66.13,77.97,No,Fail,233.90000000000003,B,147.0,Teen
729,730.0,Carol White,17,Male,68.56,76.84,50.15,76.73,65.18,Yes,Pass,195.55,C,607.0,Teen
730,731.0,Dawn Kline,15,Female,58.17,86.19,59.91,96.22,68.09,Yes,Pass,204.27,C,511.0,Teen
731,732.0,Shelby Gross,18,Female,68.33,86.03,31.76,65.97,62.04,No,Fail,186.12,C,718.0,Teen
732,733.0,Jeffery Scott,22,Female,55.09,82.51,37.05,61.7,58.22,No,Fail,174.65000000000003,C,802.0,College
733,734.0,Heather Sandoval,20,Male,69.82,76.3,47.66,83.39,64.59,Yes,Pass,193.78,C,628.0,College
734,735.0,Yolanda Hopkins,16,Female,66.95,86.52,24.86,98.85,59.44,No,Fail,178.32999999999998,C,780.0,Teen
735,736.0,Natasha Harris,18,Male,78.23,84.87,100.0,93.41,87.7,Yes,Pass,263.1,A,10.0,Teen
736,737.0,Daniel Thompson,23,Male,77.04,76.34,66.53,62.58,73.3,No,Fail,219.91,D,310.0,Adult
737,738.0,Tyler Downs,15,Female,56.15,82.12,73.48,80.01,70.58,Yes,Pass,211.75,D,413.0,Teen
738,739.0,Nicole Hudson,24,Female,70.39,71.73,77.92,92.36,73.35,Yes,Pass,220.04000000000002,D,307.0,Adult
739,740.0,Sarah Owens,15,Male,70.01,82.58,59.34,51.39,70.64,No,Fail,211.93,D,409.0,Teen
740,741.0,Maria Jones,25,Male,85.38,78.68,69.61,56.55,77.89,No,Fail,233.67000000000002,B,150.0,Adult
741,742.0,Jordan Elliott,21,Female,71.46,80.97,64.13,54.68,72.19,No,Fail,216.56,D,356.0,College
742,743.0,Jennifer Underwood,23,Female,60.99,88.04,80.32,89.49,76.45,Yes,Pass,229.35,B,198.0,Adult
743,744.0,Caleb Baker,15,Male,82.41,79.69,68.59,61.2,76.9,No,Fail,230.69,B,183.0,Teen
744,745.0,Ashley Greer,21,Male,84.18,73.75,79.74,77.6,79.22,Yes,Pass,237.67000000000002,B,117.0,College
745,746.0,Frank Wheeler,22,Male,72.16,71.56,64.01,98.41,69.25,Yes,Pass,207.73000000000002,C,468.0,College
746,747.0,Martin Molina,24,Male,70.9,91.37,73.43,67.16,78.57,No,Fail,235.70000000000002,B,131.0,Adult
747,748.0,Thomas Bishop,19,Male,78.66,74.76,96.77,81.8,83.4,Yes,Pass,250.19,B,41.0,Teen
748,749.0,Brenda Hartman,25,Male,66.1,84.67,36.74,73.6,62.5,Yes,Pass,187.51,C,706.0,Adult
749,750.0,Daniel Hall,21,Male,63.25,71.81,44.63,55.82,59.89,No,Fail,179.69,C,770.0,College
750,751.0,John Conrad,17,Male,69.32,81.95,61.73,78.27,71.0,Yes,Pass,212.99999999999997,D,397.0,Teen
751,752.0,Annette Bonilla,24,Female,66.92,80.23,83.73,52.6,76.96,No,Fail,230.88,B,181.0,Adult
752,753.0,Joshua Anderson,19,Female,67.13,74.98,95.95,74.47,79.35,Yes,Pass,238.06,B,112.0,Teen
753,754.0,Michelle Norton,17,Female,82.24,86.16,62.54,95.32,76.98,Yes,Pass,230.93999999999997,B,180.0,Teen
754,755.0,Timothy Weber,15,Female,59.92,77.56,43.07,56.35,60.19,No,Fail,180.55,C,761.0,Teen
755,756.0,Danielle Clark,18,Female,81.45,77.49,38.59,95.24,65.84,Yes,Pass,197.53,C,582.0,Teen
756,757.0,Phillip Stephenson,23,Female,66.7,86.74,63.99,75.34,72.48,Yes,Pass,217.43,D,345.0,Adult
757,758.0,Paul Lloyd,21,Male,78.04,80.16,42.3,84.79,66.83,Yes,Pass,200.5,C,548.0,College
758,759.0,William Doyle,17,Male,79.41,77.09,37.05,69.63,64.51,No,Fail,193.55,C,631.0,Teen
759,760.0,Willie Vasquez,15,Female,69.04,86.62,88.26,66.16,81.31,No,Fail,243.92000000000002,B,70.0,Teen
760,761.0,Michael Morris,24,Male,97.85,79.29,76.24,61.37,84.46,No,Fail,253.38,B,27.0,Adult
761,762.0,Bryan Newton,15,Male,73.12,78.3,75.14,52.89,75.52,No,Fail,226.56,B,220.0,Teen
762,763.0,Cheryl Mclean,22,Male,82.68,79.76,79.12,97.17,80.52,Yes,Pass,241.56,B,85.0,College
763,764.0,Marisa Roberts,18,Female,70.93,84.3,58.46,69.21,71.23,No,Fail,213.69000000000003,D,391.0,Teen
764,765.0,Jack May,23,Male,62.55,77.29,46.02,70.58,61.95,Yes,Pass,185.86,C,721.0,Adult
765,766.0,Michelle Jones,17,Female,82.36,76.67,67.26,96.08,75.43,Yes,Pass,226.29000000000002,B,225.0,Teen
766,767.0,Joshua Powell,21,Female,62.93,83.58,52.55,64.11,66.35,No,Fail,199.06,C,566.0,College
767,768.0,Paige Gray,16,Male,62.24,82.21,94.28,50.96,79.58,No,Fail,238.73,B,108.0,Teen
768,769.0,Zachary Castillo,15,Male,65.08,84.65,76.51,70.1,75.41,Yes,Pass,226.24,B,226.0,Teen
769,770.0,Michael White,22,Female,53.26,83.14,87.97,64.5,74.79,No,Fail,224.37,D,253.0,College
770,771.0,James Savage,18,Male,59.38,78.33,61.49,51.75,66.4,No,Fail,199.20000000000002,C,563.0,Teen
771,772.0,Alison Thornton,16,Male,80.14,73.18,77.46,68.18,76.93,No,Fail,230.77999999999997,B,182.0,Teen
772,773.0,Chad Pearson,21,Female,56.83,79.69,50.32,85.89,62.28,Yes,Pass,186.83999999999997,C,712.0,College
773,774.0,Parker Odonnell,25,Male,64.88,78.83,46.05,60.51,63.25,No,Fail,189.76,C,679.0,Adult
774,775.0,Micheal Montoya,17,Male,60.48,81.19,34.79,89.1,58.82,No,Fail,176.45999999999998,C,796.0,Teen
775,776.0,Angela Floyd,23,Male,70.32,77.14,72.55,63.21,73.34,No,Fail,220.01,D,308.0,Adult
776,777.0,Todd Waller,18,Female,63.68,79.66,71.36,92.53,71.57,Yes,Pass,214.7,D,381.0,Teen
777,778.0,Jonathan Black,16,Male,71.02,74.17,73.1,78.04,72.77,Yes,Pass,218.29,D,332.0,Teen
778,779.0,Lauren Mitchell,19,Female,81.65,81.26,58.81,51.62,73.91,No,Fail,221.72000000000003,D,287.0,Teen
779,780.0,Savannah Harrison,22,Female,59.05,66.26,58.92,66.3,61.41,No,Fail,184.23000000000002,C,737.0,College
780,781.0,Dr. Edward Brown Jr.,15,Female,73.2,83.33,79.99,54.36,78.84,No,Fail,236.51999999999998,B,125.0,Teen
781,782.0,Tim Wright,25,Female,68.1,78.52,82.63,64.15,76.42,No,Fail,229.25,B,199.0,Adult
782,783.0,Madeline Lucas,18,Female,78.7,79.51,62.49,98.78,73.57,Yes,Pass,220.70000000000002,D,302.0,Teen
783,784.0,Sandra Huff,19,Male,66.49,85.55,63.51,95.29,71.85,Yes,Pass,215.54999999999998,D,373.0,Teen
784,785.0,Linda Fletcher,19,Female,75.53,86.16,38.03,62.98,66.57,No,Fail,199.72,C,556.0,Teen
785,786.0,Cheryl Villarreal,24,Female,73.57,78.15,55.54,60.4,69.09,No,Fail,207.26,C,474.0,Adult
786,787.0,Renee Hill,25,Male,83.41,76.89,90.79,52.76,83.69,No,Fail,251.09000000000003,B,38.0,Adult
787,788.0,Diane Mccann,17,Male,70.21,84.87,69.62,86.56,74.9,Yes,Pass,224.7,D,250.0,Teen
788,789.0,Ricardo White,22,Female,69.57,71.65,98.2,74.01,79.81,Yes,Pass,239.42000000000002,B,102.0,College
789,790.0,Margaret Hernandez,21,Male,73.23,78.8,73.88,95.74,75.3,Yes,Pass,225.91,B,232.0,College
790,791.0,Jordan Berger,15,Male,59.49,80.78,55.59,59.93,65.29,No,Fail,195.86,C,603.0,Teen
791,792.0,Brian Randolph,19,Male,73.06,78.49,32.89,92.5,61.48,Yes,Pass,184.44,C,735.0,Teen
792,793.0,Susan Lewis,16,Male,73.02,78.21,45.69,80.87,65.64,Yes,Pass,196.92,C,590.0,Teen
793,794.0,Laurie White,19,Male,69.88,83.28,67.95,73.99,73.7,Yes,Pass,221.11,D,296.0,Teen
794,795.0,Stephanie Scott,16,Male,74.71,77.99,59.64,54.19,70.78,No,Fail,212.33999999999997,D,406.0,Teen
795,796.0,Jennifer Gibson,21,Female,63.19,83.03,54.86,97.04,67.03,Yes,Pass,201.07999999999998,C,543.0,College
796,797.0,Travis Richardson,19,Female,81.95,88.73,60.29,63.09,76.99,No,Fail,230.97,B,179.0,Teen
797,798.0,Katrina Roman,19,Male,57.4,74.98,61.74,57.59,64.71,No,Fail,194.12,C,624.0,Teen
798,799.0,Susan Nelson,16,Male,63.54,79.61,81.61,56.21,74.92,No,Fail,224.76,D,248.0,Teen
799,800.0,Jessica Velasquez,21,Male,76.5,77.95,62.28,65.06,72.24,No,Fail,216.73,D,354.0,College
800,801.0,Kelly Johnson,25,Female,77.89,78.39,79.21,93.92,78.5,Yes,Pass,235.49,B,134.0,Adult
801,802.0,William Mays,18,Male,75.07,72.41,76.45,68.42,74.65,No,Fail,223.93,D,260.0,Teen
802,803.0,Kelly Leach,17,Male,85.68,74.29,50.09,80.08,70.02,Yes,Pass,210.06000000000003,D,435.0,Teen
803,804.0,Michael Martin,20,Female,71.4,83.07,80.9,72.23,78.46,Yes,Pass,235.37,B,136.0,College
804,805.0,Tonya Rasmussen,16,Female,53.33,72.72,65.24,62.01,63.77,No,Fail,191.29,C,664.0,Teen
805,806.0,Brenda Davis,21,Male,79.13,76.55,74.61,69.3,76.76,No,Fail,230.29000000000002,B,186.0,College
806,807.0,Joseph Horn,17,Female,62.62,89.3,91.75,51.1,81.22,No,Fail,243.67,B,72.0,Teen
807,808.0,Glenn Holmes,24,Male,80.53,82.29,82.26,75.42,81.69,Yes,Pass,245.07999999999998,B,65.0,Adult
808,809.0,Karen Zamora,24,Male,69.05,75.02,68.69,89.73,70.92,Yes,Pass,212.76,D,401.0,Adult
809,810.0,Karen Haynes,17,Male,81.94,77.76,53.6,89.75,71.1,Yes,Pass,213.29999999999998,D,395.0,Teen
810,811.0,Zachary Wade,15,Male,77.23,77.61,38.54,65.73,64.46,No,Fail,193.38,C,634.0,Teen
811,812.0,Corey Mathews,18,Female,43.37,79.17,67.33,73.27,63.29,Yes,Pass,189.87,C,677.0,Teen
812,813.0,Nicole Mccarthy,15,Female,58.79,80.69,74.8,69.73,71.42,No,Fail,214.27999999999997,D,385.0,Teen
813,814.0,Taylor Rhodes,25,Female,69.64,80.6,80.28,61.91,76.84,No,Fail,230.52,B,184.0,Adult
814,815.0,Kenneth Willis,19,Male,66.39,74.33,100.0,68.39,80.24,No,Fail,240.72,B,91.0,Teen
815,816.0,Maurice Frank,18,Female,73.06,81.62,53.33,62.02,69.34,No,Fail,208.01,C,463.0,Teen
816,817.0,Mr. Kyle Williams,19,Male,78.57,73.77,86.19,57.94,79.51,No,Fail,238.52999999999997,B,111.0,Teen
817,818.0,Kenneth Harris,25,Male,70.53,83.01,26.53,78.82,60.02,Yes,Pass,180.07000000000002,C,767.0,Adult
818,819.0,Terry Johnson,24,Male,73.92,81.62,98.02,99.0,84.52,Yes,Pass,253.56,B,26.0,Adult
819,820.0,Jesse Smith,22,Male,72.53,76.3,72.87,92.82,73.9,Yes,Pass,221.7,D,288.0,College
820,821.0,Jeff Woods,22,Female,77.71,73.1,75.47,97.39,75.43,Yes,Pass,226.28,B,225.0,College
821,822.0,Scott Greer,17,Female,75.26,84.62,54.31,84.83,71.4,Yes,Pass,214.19,D,386.0,Teen
822,823.0,Corey Martinez,19,Male,89.78,70.86,62.48,70.07,74.37,Yes,Pass,223.11999999999998,D,272.0,Teen
823,824.0,Holly Nelson,25,Female,70.63,73.05,22.71,78.53,55.46,No,Fail,166.39000000000001,C,826.0,Adult
824,825.0,Joel Thompson,15,Male,60.85,89.8,32.05,68.88,60.9,No,Fail,182.7,C,747.0,Teen
825,826.0,Dawn Strickland,18,Female,89.59,76.48,99.64,54.18,88.57,No,Fail,265.71,A,5.0,Teen
826,827.0,Patricia Wells,20,Male,65.69,75.76,77.42,81.57,72.95,Yes,Pass,218.87,D,326.0,College
827,828.0,Amy Solis,22,Female,58.99,76.4,29.42,86.89,54.94,No,Fail,164.81,C,827.0,College
828,829.0,Bobby Daniels,18,Male,53.04,79.22,61.67,75.27,64.64,Yes,Pass,193.93,C,626.0,Teen
829,830.0,Ashley Mcguire,23,Male,69.18,70.78,68.73,97.51,69.56,Yes,Pass,208.69,C,454.0,Adult
830,831.0,Mr. Matthew Moore,24,Male,74.27,81.81,96.33,66.74,84.14,No,Fail,252.40999999999997,B,31.0,Adult
831,832.0,Kimberly Ramirez,17,Male,78.14,82.46,88.51,65.99,83.04,No,Fail,249.11,B,42.0,Teen
832,833.0,Kelsey Pierce,22,Male,65.47,81.03,71.3,88.0,72.6,Yes,Pass,217.8,D,339.0,College
833,834.0,Ricky Moran,18,Male,73.31,82.22,44.44,85.75,66.66,Yes,Pass,199.97,C,553.0,Teen
834,835.0,Victoria Gallegos,16,Female,61.5,77.71,46.95,99.8,62.06,Yes,Pass,186.15999999999997,C,717.0,Teen
835,836.0,Lisa Fox,23,Male,51.84,81.4,56.74,64.58,63.33,No,Fail,189.98000000000002,C,675.0,Adult
836,837.0,Miranda Barker,25,Male,81.62,80.74,58.94,59.28,73.77,No,Fail,221.3,D,292.0,Adult
837,838.0,Sherry Adams,18,Male,77.77,85.75,66.39,90.1,76.64,Yes,Pass,229.90999999999997,B,191.0,Teen
838,839.0,Jimmy Stout,23,Female,71.63,76.28,68.64,74.08,72.18,Yes,Pass,216.55,D,357.0,Adult
839,840.0,Kenneth James,18,Female,76.42,79.95,43.07,96.63,66.48,Yes,Pass,199.44,C,560.0,Teen
840,841.0,Catherine Smith,25,Male,78.49,84.75,24.77,73.2,62.67,Yes,Pass,188.01000000000002,C,701.0,Adult
841,842.0,Randy Barton,21,Male,77.26,83.58,70.1,71.74,76.98,Yes,Pass,230.94,B,180.0,College
842,843.0,Amber Frank,15,Female,71.54,79.31,84.49,61.51,78.45,No,Fail,235.34000000000003,B,137.0,Teen
843,844.0,William Gonzalez,17,Male,59.69,77.73,65.77,87.83,67.73,Yes,Pass,203.19,C,520.0,Teen
844,845.0,Elizabeth Jackson,18,Female,69.93,75.83,59.64,84.79,68.46,Yes,Pass,205.39999999999998,C,497.0,Teen
845,846.0,Kelly Shelton,16,Male,81.01,80.3,57.09,84.02,72.8,Yes,Pass,218.4,D,331.0,Teen
846,847.0,Rebecca Palmer,16,Female,83.24,75.41,68.14,76.8,75.6,Yes,Pass,226.78999999999996,B,219.0,Teen
847,848.0,Sean Calderon,23,Female,73.82,73.77,23.83,58.46,57.14,No,Fail,171.41999999999996,C,816.0,Adult
848,849.0,Todd Mcknight,19,Female,75.95,77.96,47.7,92.24,67.2,Yes,Pass,201.61,C,537.0,Teen
849,850.0,Crystal Rose,22,Female,76.14,75.6,73.43,56.85,75.06,No,Fail,225.17000000000002,B,239.0,College
850,851.0,Charlotte Cardenas,15,Female,58.25,77.2,67.08,88.98,67.51,Yes,Pass,202.52999999999997,C,530.0,Teen
851,852.0,Kayla Lee,25,Male,62.32,87.18,53.36,85.65,67.62,Yes,Pass,202.86,C,525.0,Adult
852,853.0,Kim Stewart,25,Female,58.28,84.79,67.12,69.51,70.06,No,Fail,210.19,D,431.0,Adult
853,854.0,Kelly Blankenship,21,Female,82.43,80.6,67.91,91.43,76.98,Yes,Pass,230.94,B,180.0,College
854,855.0,Evelyn Jones,24,Male,73.69,76.96,56.37,61.46,69.01,No,Fail,207.01999999999998,C,476.0,Adult
855,856.0,John Robbins,25,Male,74.44,78.43,59.58,72.38,70.82,Yes,Pass,212.45,D,404.0,Adult
856,857.0,Michael Hayes,25,Female,40.96,79.12,69.84,86.55,63.31,Yes,Pass,189.92000000000002,C,676.0,Adult
857,858.0,Aaron Lynch,25,Male,73.13,78.2,61.19,94.05,70.84,Yes,Pass,212.51999999999998,D,403.0,Adult
858,859.0,Nathan Cooper,17,Female,62.65,70.48,46.62,80.78,59.92,No,Fail,179.75,C,769.0,Teen
859,860.0,Thomas Burns,19,Female,64.16,77.43,92.11,58.92,77.9,No,Fail,233.7,B,149.0,Teen
860,861.0,Kenneth Rose,23,Female,55.05,80.4,56.54,82.93,64.0,Yes,Pass,191.98999999999998,C,654.0,Adult
861,862.0,Mckenzie Hines,23,Female,65.2,74.78,79.49,58.73,73.16,No,Fail,219.47000000000003,D,317.0,Adult
862,863.0,Derek Lowe,19,Female,67.01,76.75,60.85,86.68,68.2,Yes,Pass,204.60999999999999,C,506.0,Teen
863,864.0,Carla Davenport,15,Male,64.96,78.41,65.54,69.37,69.64,No,Fail,208.91000000000003,C,450.0,Teen
864,865.0,Robert Smith,15,Female,75.53,89.25,100.0,97.33,88.26,Yes,Pass,264.78,A,6.0,Teen
865,866.0,Jessica Sutton,23,Male,61.36,84.87,56.9,64.3,67.71,No,Fail,203.13000000000002,C,522.0,Adult
866,867.0,Russell Hancock,24,Female,71.47,76.26,29.91,73.19,59.21,No,Fail,177.64000000000001,C,786.0,Adult
867,868.0,Brandi Mitchell,16,Male,67.49,93.86,55.38,85.67,72.24,Yes,Pass,216.73,D,354.0,Teen
868,869.0,Hunter Pena,24,Male,79.4,83.05,50.54,50.9,71.0,No,Fail,212.98999999999998,D,397.0,Adult
869,870.0,Charlene Ramirez,24,Female,77.43,81.66,82.7,98.58,80.6,Yes,Pass,241.79000000000002,B,84.0,Adult
870,871.0,Evan Brown,16,Female,74.02,76.23,67.67,50.02,72.64,No,Fail,217.92000000000002,D,336.0,Teen
871,872.0,Mary Thomas,24,Male,77.79,78.45,73.96,62.51,76.74,No,Fail,230.2,B,187.0,Adult
872,873.0,Lance Hebert,18,Female,64.41,78.26,36.95,97.74,59.87,No,Fail,179.62,C,771.0,Teen
873,874.0,Anthony Sellers,25,Female,81.91,81.16,77.92,67.28,80.33,No,Fail,240.99,B,88.0,Adult
874,875.0,Rhonda Williams,22,Female,70.95,76.43,34.86,57.91,60.74,No,Fail,182.24,C,750.0,College
875,876.0,Karen Thomas,15,Female,63.08,73.43,62.95,81.09,66.49,Yes,Pass,199.45999999999998,C,559.0,Teen
876,877.0,Brandi Mitchell DDS,15,Female,76.06,77.33,24.43,58.4,59.27,No,Fail,177.82,C,785.0,Teen
877,878.0,Joseph Smith,24,Female,69.47,71.14,70.86,86.7,70.49,Yes,Pass,211.47000000000003,D,416.0,Adult
878,879.0,Abigail Ellis,15,Female,69.05,81.55,89.78,83.35,80.13,Yes,Pass,240.38,B,93.0,Teen
879,880.0,Willie Wyatt,24,Male,64.94,77.0,66.65,53.19,69.53,No,Fail,208.59,C,456.0,Adult
880,881.0,Katherine Obrien,15,Male,63.34,76.02,28.16,83.2,55.84,No,Fail,167.52,C,824.0,Teen
881,882.0,Richard Rios,16,Male,67.5,74.7,8.97,77.37,50.39,No,Fail,151.17,C,839.0,Teen
882,883.0,Roy Schroeder,21,Male,52.2,74.62,54.16,77.03,60.33,Yes,Pass,180.98000000000002,C,759.0,College
883,884.0,Bethany Cline,24,Female,78.82,87.55,60.8,53.39,75.72,No,Fail,227.17000000000002,B,218.0,Adult
884,885.0,Thomas Scott,21,Female,91.55,91.42,54.83,65.46,79.27,No,Fail,237.8,B,115.0,College
885,886.0,Jennifer Pace,22,Male,67.74,83.53,74.04,58.17,75.11,No,Fail,225.31,B,238.0,College
886,887.0,Alexis Willis,20,Male,71.89,83.07,64.44,77.36,73.13,Yes,Pass,219.39999999999998,D,318.0,College
887,888.0,Julie Maldonado,20,Male,72.82,73.29,32.12,66.2,59.41,No,Fail,178.23000000000002,C,781.0,College
888,889.0,Luis Williams,23,Male,81.93,78.8,32.14,75.74,64.29,Yes,Pass,192.87,C,642.0,Adult
889,890.0,Cynthia Santiago,25,Female,66.21,76.99,66.66,51.82,69.96,No,Fail,209.85999999999999,C,437.0,Adult
890,891.0,Deborah Mathews,21,Male,77.67,84.06,72.06,94.0,77.93,Yes,Pass,233.79000000000002,B,148.0,College
891,892.0,John Harris,24,Male,65.88,77.25,74.74,66.5,72.62,No,Fail,217.87,D,337.0,Adult
892,893.0,William Reynolds,21,Male,64.65,77.43,43.3,66.51,61.8,No,Fail,185.38,C,727.0,College
893,894.0,April Spears,16,Male,62.45,79.75,80.99,85.29,74.4,Yes,Pass,223.19,D,270.0,Teen
894,895.0,Maria Romero,18,Female,66.57,77.69,58.48,82.31,67.58,Yes,Pass,202.73999999999998,C,528.0,Teen
895,896.0,Christina Chan,25,Female,70.52,78.92,51.46,99.23,66.97,Yes,Pass,200.9,C,545.0,Adult
896,897.0,Jennifer Wood,20,Male,72.59,77.07,50.13,64.52,66.6,No,Fail,199.79,C,555.0,College
897,898.0,Matthew Hampton,17,Female,64.01,91.45,38.84,71.27,64.77,Yes,Pass,194.3,C,621.0,Teen
898,899.0,Stephanie Hill,20,Female,73.46,76.04,86.25,62.42,78.58,No,Fail,235.75,B,130.0,College
899,900.0,Sarah Wilson,23,Male,66.13,77.48,77.62,53.08,73.74,No,Fail,221.23000000000002,D,294.0,Adult
900,901.0,Terry Frazier,20,Female,62.83,80.55,62.74,96.1,68.7,Yes,Pass,206.12,C,486.0,College
901,902.0,Bridget Robertson,22,Male,63.17,85.18,30.18,71.34,59.51,No,Fail,178.53000000000003,C,777.0,College
902,903.0,Chelsea Pratt,21,Male,69.08,78.47,26.55,57.62,58.03,No,Fail,174.10000000000002,C,806.0,College
903,904.0,Sherri Salazar,24,Male,77.16,81.05,65.38,92.76,74.53,Yes,Pass,223.58999999999997,D,264.0,Adult
904,905.0,Philip Wilson,19,Male,69.03,75.12,73.26,73.63,72.47,Yes,Pass,217.41000000000003,D,346.0,Teen
905,906.0,Michael Mcintosh,23,Female,70.73,80.29,74.07,83.53,75.03,Yes,Pass,225.09,B,240.0,Adult
906,907.0,Carla Lopez,21,Female,88.88,87.32,65.63,56.6,80.61,No,Fail,241.82999999999998,B,83.0,College
907,908.0,David Mitchell,22,Male,76.66,84.56,55.2,79.92,72.14,Yes,Pass,216.42000000000002,D,359.0,College
908,909.0,Christopher Rocha,24,Male,70.38,83.65,57.45,75.85,70.49,Yes,Pass,211.48000000000002,D,416.0,Adult
909,910.0,Linda Vazquez,17,Male,75.69,71.63,46.6,70.01,64.64,Yes,Pass,193.92,C,626.0,Teen
910,911.0,Stephen Robinson,22,Male,71.26,86.96,88.03,93.72,82.08,Yes,Pass,246.25,B,58.0,College
911,912.0,Miss Sheena Jones,25,Male,85.87,92.02,50.22,81.01,76.04,Yes,Pass,228.10999999999999,B,207.0,Adult
912,913.0,Cheyenne Li,18,Female,79.12,82.6,18.24,79.34,59.99,No,Fail,179.96,C,768.0,Teen
913,914.0,Hayley Gray,25,Female,53.6,81.02,59.18,51.75,64.6,No,Fail,193.8,C,627.0,Adult
914,915.0,Alicia Barker,18,Female,84.32,77.21,75.78,83.19,79.1,Yes,Pass,237.30999999999997,B,121.0,Teen
915,916.0,Kenneth Bonilla,18,Female,64.72,79.64,81.52,78.91,75.29,Yes,Pass,225.88,B,233.0,Teen
916,917.0,Ashley Henry,19,Male,76.95,82.03,76.57,60.0,78.52,No,Fail,235.55,B,132.0,Teen
917,918.0,Brenda Richardson,23,Female,58.94,79.66,43.78,95.71,60.79,Yes,Pass,182.38,C,749.0,Adult
918,919.0,Candice Ferguson,23,Male,62.97,81.58,16.23,69.93,53.6,No,Fail,160.78,C,832.0,Adult
919,920.0,William Clark,18,Male,83.66,70.77,43.28,57.86,65.9,No,Fail,197.71,C,581.0,Teen
920,921.0,Stephanie Roberts,21,Male,57.2,79.05,54.78,83.75,63.68,Yes,Pass,191.03,C,668.0,College
921,922.0,Jonathan Ross,17,Female,78.15,79.94,66.97,93.01,75.02,Yes,Pass,225.06,B,241.0,Teen
922,923.0,John Hensley,21,Male,77.26,90.12,95.33,63.51,87.57,No,Fail,262.71,A,11.0,College
923,924.0,Timothy Reed,17,Male,56.79,87.06,80.13,61.3,74.66,No,Fail,223.98,D,259.0,Teen
924,925.0,Veronica Williams,22,Female,76.22,80.02,98.63,76.31,84.96,Yes,Pass,254.87,B,25.0,College
925,926.0,Corey Acevedo,23,Male,93.96,76.29,62.07,80.72,77.44,Yes,Pass,232.32,B,165.0,Adult
926,927.0,Seth King,21,Male,56.99,81.73,43.25,72.74,60.66,Yes,Pass,181.97,C,753.0,College
927,928.0,Rebekah Morales,23,Male,69.56,79.41,54.78,68.04,67.91,No,Fail,203.75,C,515.0,Adult
928,929.0,Stefanie Hansen,25,Female,69.04,82.63,43.94,88.1,65.2,Yes,Pass,195.61,C,606.0,Adult
929,930.0,Danielle Morse,25,Male,81.42,76.08,85.81,98.4,81.1,Yes,Pass,243.31,B,76.0,Adult
930,931.0,Stephanie Newton,16,Male,61.42,85.11,76.23,86.17,74.25,Yes,Pass,222.76,D,276.0,Teen
931,932.0,Olivia Bryant,19,Female,46.09,77.66,51.95,89.28,58.56,No,Fail,175.7,C,800.0,Teen
932,933.0,Patricia Greene,23,Male,89.54,76.12,72.92,71.37,79.53,Yes,Pass,238.58000000000004,B,109.0,Adult
933,934.0,Megan Richmond,24,Male,77.62,70.31,43.93,68.21,63.95,No,Fail,191.86,C,657.0,Adult
934,935.0,Benjamin Tran,25,Female,76.9,80.31,52.93,70.93,70.05,Yes,Pass,210.14000000000001,D,432.0,Adult
935,936.0,Mr. Aaron Fitzpatrick,15,Female,68.75,77.48,58.58,68.32,68.27,No,Fail,204.81,C,502.0,Teen
936,937.0,David Jones,15,Female,79.01,83.54,69.87,77.82,77.47,Yes,Pass,232.42000000000002,B,164.0,Teen
937,938.0,Hannah Cruz,21,Male,67.09,81.05,40.75,52.7,62.96,No,Fail,188.89,C,689.0,College
938,939.0,Cheyenne Bradford,23,Female,63.17,80.7,28.89,96.74,57.59,No,Fail,172.76,C,810.0,Adult
939,940.0,Robert Garrett,21,Female,82.88,81.13,93.8,82.75,85.93,Yes,Pass,257.81,A,18.0,College
940,941.0,Michael Contreras,18,Male,70.53,80.36,78.94,53.23,76.61,No,Fail,229.82999999999998,B,193.0,Teen
941,942.0,Karen Fry,23,Female,57.67,78.77,50.94,98.61,62.46,Yes,Pass,187.38,C,707.0,Adult
942,943.0,Christopher Yates,15,Female,91.36,81.49,78.66,72.22,83.84,Yes,Pass,251.51,B,35.0,Teen
943,944.0,Rebecca Lane,18,Female,68.68,76.28,29.51,67.27,58.16,No,Fail,174.47,C,804.0,Teen
944,945.0,Steve Smith,23,Male,71.87,81.59,41.55,52.15,65.0,No,Fail,195.01,C,613.0,Adult
945,946.0,Hayden Munoz,25,Female,80.63,76.84,22.06,98.83,59.84,No,Fail,179.53,C,772.0,Adult
946,947.0,Terri Shelton,22,Male,51.59,88.1,50.43,70.76,63.37,Yes,Pass,190.12,C,674.0,College
947,948.0,Veronica Vega,22,Male,81.79,84.48,22.14,85.76,62.8,Yes,Pass,188.41000000000003,C,696.0,College
948,949.0,Brian Murphy,22,Female,62.51,78.61,100.0,95.73,80.37,Yes,Pass,241.12,B,87.0,College
949,950.0,Natalie Pacheco PhD,17,Female,64.23,74.79,48.27,66.7,62.43,No,Fail,187.29000000000002,C,709.0,Teen
950,951.0,Hannah Bell,15,Male,71.6,87.39,51.21,54.58,70.07,No,Fail,210.20000000000002,D,430.0,Teen
951,952.0,Thomas Spencer,23,Male,76.34,82.34,70.27,74.29,76.32,Yes,Pass,228.95,B,202.0,Adult
952,953.0,Beverly Johnson,22,Female,81.2,84.22,78.12,90.9,81.18,Yes,Pass,243.54000000000002,B,74.0,College
953,954.0,Emily Camacho,25,Female,68.88,70.91,82.44,72.9,74.08,Yes,Pass,222.23,D,281.0,Adult
954,955.0,Timothy Keller,15,Male,91.14,76.86,44.99,85.06,70.99,Yes,Pass,212.99,D,398.0,Teen
955,956.0,Joseph Ellis,18,Female,73.7,84.25,66.19,92.86,74.71,Yes,Pass,224.14,D,257.0,Teen
956,957.0,Eugene Weber,21,Female,71.56,79.07,58.26,55.94,69.63,No,Fail,208.89,C,451.0,College
957,958.0,Melissa Dudley,24,Female,86.9,83.45,47.4,58.62,72.58,No,Fail,217.75000000000003,D,340.0,Adult
958,959.0,Megan Torres,17,Female,47.29,80.16,54.7,57.67,60.72,No,Fail,182.14999999999998,C,751.0,Teen
959,960.0,Colton Weaver,17,Female,62.1,80.07,68.83,74.68,70.33,Yes,Pass,211.0,D,424.0,Teen
960,961.0,Timothy Maxwell,19,Female,68.32,73.44,31.22,90.07,57.66,No,Fail,172.98,C,808.0,Teen
961,962.0,Erik Hartman,22,Female,92.59,83.03,46.48,83.42,74.03,Yes,Pass,222.1,D,283.0,College
962,963.0,Kimberly Beck,19,Male,63.11,79.2,63.61,64.71,68.64,No,Fail,205.92000000000002,C,489.0,Teen
963,964.0,Joel Young,23,Female,82.7,68.88,66.85,59.25,72.81,No,Fail,218.42999999999998,D,330.0,Adult
964,965.0,Linda Gibson,20,Female,76.62,78.71,63.78,53.6,73.04,No,Fail,219.10999999999999,D,322.0,College
965,966.0,James Campbell,20,Male,87.34,84.0,92.69,90.08,88.01,Yes,Pass,264.03,A,9.0,College
966,967.0,Christopher Arnold,21,Male,90.69,73.31,87.2,67.85,83.73,No,Fail,251.2,B,36.0,College
967,968.0,Traci Terry,18,Female,94.14,78.55,58.53,60.57,77.07,No,Fail,231.22,B,175.0,Teen
968,969.0,Veronica Knight,18,Female,84.02,76.72,100.0,54.22,86.91,No,Fail,260.74,A,13.0,Teen
969,970.0,Amanda Daniel,17,Female,91.15,82.16,85.35,61.78,86.22,No,Fail,258.65999999999997,A,16.0,Teen
970,971.0,Denise Brown,23,Female,74.9,67.88,86.62,60.28,76.47,No,Fail,229.4,B,197.0,Adult
971,972.0,Julie Bowman,22,Male,75.07,79.1,18.67,59.38,57.61,No,Fail,172.83999999999997,C,809.0,College
972,973.0,Jeremy Stevenson,21,Male,82.32,75.19,100.0,64.42,85.84,No,Fail,257.51,A,19.0,College
973,974.0,David Lowe,20,Female,75.64,82.95,45.74,83.85,68.11,Yes,Pass,204.33,C,510.0,College
974,975.0,Dave Wilson,24,Female,73.46,81.86,69.03,51.76,74.78,No,Fail,224.35,D,254.0,Adult
975,976.0,William Jones,21,Male,78.1,80.65,78.81,57.34,79.18,No,Fail,237.56,B,120.0,College
976,977.0,Lisa Mccormick,23,Female,76.59,79.93,63.06,78.38,73.19,Yes,Pass,219.58,D,315.0,Adult
977,978.0,Sheri Harris,22,Male,76.11,72.92,70.6,50.35,73.21,No,Fail,219.63,D,313.0,College
978,979.0,Patricia Ryan,25,Male,74.19,78.58,42.17,77.62,64.98,Yes,Pass,194.94,C,614.0,Adult
979,980.0,Tracy Porter,18,Male,69.15,74.24,43.32,77.41,62.24,Yes,Pass,186.70999999999998,C,713.0,Teen
980,981.0,Caleb Smith,24,Male,69.33,73.54,20.17,91.7,54.35,No,Fail,163.04000000000002,C,830.0,Adult
981,982.0,Karen Williams,23,Female,59.93,87.91,98.06,97.89,81.97,Yes,Pass,245.9,B,61.0,Adult
982,983.0,Shelly Miles,20,Female,72.46,83.61,61.44,53.1,72.5,No,Fail,217.51,D,344.0,College
983,984.0,Parker Wright,17,Female,66.08,75.03,73.68,91.92,71.59,Yes,Pass,214.79000000000002,D,379.0,Teen
984,985.0,Michele Pace,24,Female,70.86,78.49,42.69,91.59,64.01,Yes,Pass,192.04,C,653.0,Adult
985,986.0,Miranda Wells,17,Female,69.8,81.75,43.28,80.19,64.94,Yes,Pass,194.83,C,616.0,Teen
986,987.0,Nathan Wilson DDS,22,Female,68.93,75.74,62.03,93.25,68.9,Yes,Pass,206.70000000000002,C,479.0,College
987,988.0,Cole Murphy,15,Female,71.58,85.18,35.58,83.61,64.11,Yes,Pass,192.33999999999997,C,649.0,Teen
988,989.0,Jamie Lowery,18,Female,70.06,80.89,65.09,86.22,72.01,Yes,Pass,216.04,D,367.0,Teen
989,990.0,Nicole Jackson,16,Male,75.95,88.08,94.16,67.59,86.06,No,Fail,258.19,A,17.0,Teen
990,991.0,Tiffany Walker,19,Male,58.6,85.46,26.91,80.59,56.99,No,Fail,170.97,C,818.0,Teen
991,992.0,Rachel Mcdowell,15,Male,74.33,83.08,46.7,80.91,68.04,Yes,Pass,204.11,C,513.0,Teen
992,993.0,Elizabeth Garcia,15,Female,66.98,88.2,36.25,91.28,63.81,Yes,Pass,191.43,C,663.0,Teen
993,994.0,Kayla Roy,20,Male,66.41,82.5,89.04,89.94,79.32,Yes,Pass,237.95,B,113.0,College
994,995.0,Nicole Moore,22,Female,71.81,75.53,44.81,86.59,64.05,Yes,Pass,192.15,C,652.0,College
995,996.0,Megan Hill,23,Male,66.84,89.53,47.13,89.04,67.83,Yes,Pass,203.5,C,517.0,Adult
996,997.0,Tammy Moore,23,Male,59.85,75.86,45.83,54.33,60.51,No,Fail,181.54000000000002,C,757.0,Adult
997,998.0,Jeanette Wells,19,Female,83.54,84.48,26.74,51.49,64.92,No,Fail,194.76000000000002,C,618.0,Teen
998,500.9819458375125,Benjamin Kelly,15,Female,79.31,86.75,100.0,78.99,88.69,Yes,Pass,266.06,A,4.0,Teen
999,1000.0,Mrs. Mary Hodges DVM,25,Female,63.11,84.71,63.7,67.82,70.51,No,Fail,211.51999999999998,D,414.0,Adult
