ID,Name,Age,Gender,Math,Physics,CS,Attendance,Average,Passed
1,Paul Kline,22,Male,70.43,76.87,22.48,98.12,56.59,False
2,William Tanner,21,None,56.51,83.86,100.0,90.37,80.12,True
3,Adam Cross,19,None,62.62,84.61,66.25,99.4,71.16,True
None,Clinton Allison,15,Male,58.04,80.39,46.26,72.71,61.56,True
5,Kristina Johnson,25,Female,81.07,82.32,67.13,70.22,76.84,True
6,Kristin Hunt,24,Male,76.43,71.48,59.93,71.63,69.28,True
7,Michelle Brooks,18,Male,81.03,82.83,35.41,50.61,66.42,False
8,Jason Hudson,15,Male,76.96,73.29,43.27,57.59,64.51,False
9,Michael Robles,15,Male,69.48,72.23,44.31,53.19,62.01,False
10,Bryan Carpenter,17,Female,91.22,79.26,76.9,97.19,82.46,True
11,Kayla Dixon,21,Male,67.79,80.14,47.72,70.2,65.22,True
12,Michael Hines,23,Female,70.91,76.6,60.13,53.12,69.21,False
13,Stephanie Frazier,24,Female,80.16,75.52,78.34,84.65,78.01,True
14,Joseph Colon,19,Female,78.75,79.85,84.05,97.93,80.89,True
15,Jordan Rodriguez,15,Female,44.57,86.72,11.81,72.37,47.7,False
16,Michelle Spence,21,Female,75.22,86.49,82.03,99.07,81.25,True
17,Matthew Smith DDS,18,Female,73.41,79.45,73.33,55.85,75.4,False
None,Laura Flores DDS,16,None,54.87,80.7,80.81,61.14,72.12,False
19,Brittany Clark,18,Female,63.99,68.27,71.15,51.31,67.81,False
20,Leslie Huerta MD,16,Female,61.73,75.76,23.97,86.74,53.82,False
21,Amber Robinson,21,Female,74.06,78.92,80.35,71.51,77.78,True
22,Kari Lopez,22,Male,81.52,80.2,100.0,98.5,87.24,True
23,Sean Estrada,25,Female,59.9,79.44,42.49,53.12,60.61,None
24,Kent Johnson,17,Male,82.16,75.74,30.93,88.36,62.95,True
25,Crystal Caldwell,20,Male,77.09,78.9,90.86,86.7,82.28,None
26,Ronnie Garrett,19,Female,68.48,89.67,46.71,None,68.29,True
27,Brittany Burnett,23,Female,65.45,76.62,64.27,94.09,68.78,True
28,Annette Delgado,22,Female,65.26,76.74,56.3,98.1,66.1,True
29,April Cox,15,Male,68.15,83.06,61.13,57.57,70.78,False
30,Judith Michael,20,Male,62.83,83.59,29.84,55.42,58.75,False
31,Clarence Moses,23,Male,58.37,80.64,60.86,78.72,66.62,True
32,Glenn Aguirre,19,Female,90.04,87.95,48.53,73.5,75.51,True
33,Jessica Fuller,20,Female,50.97,77.53,77.19,66.34,68.56,False
34,Dawn Riley,23,Female,57.19,82.78,36.94,95.36,58.97,False
35,Alexander Arnold,15,Male,66.42,76.86,74.42,58.64,72.57,False
36,Laura Reyes,23,Male,85.99,85.34,50.76,57.95,74.03,False
37,Charles Kirk,24,Female,87.03,83.31,58.54,98.7,76.29,True
38,Edward Jenkins,25,Female,72.66,69.59,35.92,79.95,59.39,False
39,Shannon Campbell,24,Male,64.89,79.13,49.0,90.05,64.34,True
40,Herbert Ward,23,Female,69.9,85.59,83.46,58.55,79.65,False
41,Christina Page,25,Male,62.0,77.97,86.04,67.75,75.34,False
42,Craig Martinez,19,Female,35.53,76.33,40.83,63.81,50.9,False
43,Michelle Coleman,17,Male,74.27,71.69,30.44,77.98,58.8,False
44,Kimberly Davis,25,Male,64.0,85.38,53.77,72.63,67.72,True
45,Jaclyn Walker,19,Male,60.17,81.97,89.78,53.6,77.31,False
46,Casey Holt,16,Male,67.5,77.64,31.95,72.53,59.03,False
47,Andrew Vaughn,23,Female,48.93,76.86,57.23,89.52,61.0,True
48,Jack Robinson,17,Female,71.97,73.83,37.47,64.62,61.09,False
49,Beverly Young,22,Female,61.73,79.29,46.21,80.55,62.41,True
50,Lauren Johnson,25,Female,73.99,75.42,30.82,59.65,60.07,False
51,Candace Robinson,25,Male,53.79,80.58,62.19,80.25,65.52,True
52,Anna Bennett,23,Female,64.63,88.33,66.01,98.26,72.99,True
53,Brandon Jackson,25,Male,52.42,90.49,34.0,55.58,58.97,False
54,Michael Gray,24,Male,59.37,72.63,66.7,60.76,66.23,False
55,Willie Jones,23,Female,84.46,84.1,50.52,91.94,73.03,True
56,John Huff,19,Female,56.03,85.33,91.41,54.65,77.59,False
57,Heather Brown,16,Male,70.66,81.97,86.83,58.58,79.82,False
58,Justin Smith,18,Female,61.82,78.46,16.75,54.18,52.34,False
59,Christina Dillon,21,Female,79.04,78.95,37.1,54.44,65.03,False
60,Francisco Reeves,17,Male,72.28,75.1,65.66,90.13,71.02,True
61,Ryan Brown,20,Female,68.1,82.77,57.65,83.6,69.51,True
62,Paula Smith,16,Male,72.28,81.47,57.75,65.55,70.5,False
63,Brandon Vaughn,16,Male,53.22,86.53,45.38,97.09,61.71,True
64,Jack Johnson,16,Male,80.88,76.8,53.58,67.23,70.42,False
65,Dustin Grimes,15,Male,74.21,71.03,66.74,51.89,70.66,False
66,Caroline King,23,Male,70.02,79.66,38.61,63.86,62.76,False
67,Corey Payne,24,Male,65.02,77.93,44.64,81.92,62.53,True
68,Pamela Martinez,24,Male,61.69,81.0,49.77,60.53,64.15,False
69,Nicole Parrish PhD,22,Female,68.05,78.79,30.06,99.59,58.97,False
70,Wyatt Bryant,21,Female,76.19,86.7,96.53,81.63,86.48,True
71,Rebekah Silva,21,Male,54.65,90.91,77.95,68.8,74.5,False
72,Michelle Ellis,17,Male,52.08,81.96,97.83,55.32,77.29,False
73,Paul Lloyd,23,Female,77.78,83.19,73.75,77.7,78.24,True
74,Richard Rodriguez,25,Male,58.87,82.71,73.3,81.95,71.62,True
75,Tiffany Lambert MD,25,Female,64.98,80.42,70.57,60.58,71.99,False
76,Jessica Bond,16,Male,61.43,82.89,55.87,95.58,66.73,True
77,Russell Calhoun,21,Female,97.91,85.42,46.83,80.68,76.72,True
78,Christina Smith,15,Female,86.56,80.01,59.94,83.52,75.5,True
79,Hunter Adkins,16,Female,62.57,91.02,47.66,100.0,67.08,True
80,Michelle Bailey,23,Female,60.31,78.95,53.44,91.7,64.23,True
81,Janet Chen,19,Male,54.64,78.4,26.1,59.37,53.04,False
82,Stephen Rodriguez,15,Male,72.52,76.59,34.7,58.28,61.27,False
83,Tiffany Trevino,15,Female,80.29,87.83,50.77,83.8,72.96,True
84,Leslie Ramirez,20,Male,81.39,83.56,1.9,91.46,55.62,False
85,Derek Robinson,17,Female,74.04,80.81,64.34,92.72,73.06,True
86,Alexis Schultz,21,Male,73.4,83.6,73.05,94.77,76.69,True
87,William Owens,22,Male,64.02,78.81,65.74,54.99,69.52,False
88,Ruth Kelley,16,Male,75.7,86.5,78.57,87.91,80.26,True
89,Gabriela Rosales,17,Male,72.12,86.01,34.94,73.34,64.36,True
90,Andrew Downs,20,Female,56.8,77.66,57.35,56.51,63.94,False
91,Bryan Hoffman,16,Male,78.46,76.63,64.98,62.28,73.36,False
92,William Webb,18,Female,65.66,78.46,63.45,90.42,69.19,True
93,Candace Sheppard,22,Female,89.12,83.76,38.88,75.61,70.59,True
94,Kathryn Moreno,19,Female,75.44,80.82,35.03,64.28,63.76,False
95,Wanda Norman,15,Female,81.37,77.4,58.17,66.37,72.31,False
96,Mallory Barker,21,Female,77.47,73.78,31.39,76.97,60.88,True
97,Tim Adams,24,Male,79.36,82.36,71.03,86.01,77.58,True
98,David Harris,20,Female,66.9,72.52,63.36,87.87,67.6,True
99,Chad Bell,17,Female,61.68,79.95,26.02,88.57,55.88,False
100,Alexa Parker,20,Female,88.15,76.16,49.5,88.6,71.27,True
101,Jonathan Harris,24,Male,75.72,87.11,60.71,76.02,74.51,True
102,Richard Thomas,18,Female,58.6,71.5,63.15,63.8,64.42,False
103,Karen Pierce,16,Female,79.58,81.98,58.06,79.77,73.21,True
104,Zachary Dunn,24,Female,74.9,76.29,38.97,81.69,63.39,True
105,John Cunningham,16,Male,66.1,84.81,51.62,91.81,67.51,True
106,Luis Massey,21,Female,74.52,83.26,53.39,97.21,70.39,True
107,Elizabeth Schultz,23,Female,61.73,93.13,34.25,98.75,63.04,True
108,Brittany Hurley,15,Male,62.29,77.69,71.0,60.84,70.32,False
109,Robert Smith,25,Female,71.74,77.44,60.94,89.12,70.04,True
110,Mason Sullivan,21,Male,86.59,76.49,35.86,98.54,66.31,True
111,Melissa Buchanan,17,Female,37.56,90.44,81.4,52.5,69.8,False
112,Dennis Simpson,15,Female,83.45,80.26,82.67,88.49,82.13,True
113,Beth Adams,24,Male,63.98,84.82,97.71,73.89,82.17,True
114,Carlos Bush,17,Female,70.15,78.53,10.64,58.28,53.11,False
115,Craig Thompson,19,Male,63.51,77.15,49.51,66.44,63.39,False
116,Christina Osborn,15,Female,63.6,85.8,74.76,71.57,74.72,True
117,Denise Hernandez,20,Male,48.58,86.8,82.54,51.89,72.64,False
118,Brian Ortiz,17,Male,79.94,73.29,51.48,63.41,68.23,False
119,Joshua Pruitt,16,Male,79.6,85.31,51.82,85.51,72.24,True
120,Mr. David Le,23,Female,64.82,75.42,31.87,73.81,57.37,False
121,Kristen Rice,23,Male,57.0,72.22,55.42,76.7,61.55,True
122,Carol Allen,18,Female,76.53,66.93,63.14,57.5,68.87,False
123,Steven Holland,18,Male,67.05,80.23,84.44,54.7,77.24,False
124,Lisa Gonzalez,16,Female,58.57,84.22,56.82,80.37,66.54,True
125,Kayla Griffin,16,Male,81.2,86.9,47.43,89.17,71.85,True
126,Glen Garcia,21,Male,79.04,79.44,77.82,54.15,78.77,False
127,Andrew King,23,Female,75.79,71.44,78.44,93.54,75.22,True
128,Katherine Chapman,18,Female,70.94,90.0,35.61,55.31,65.51,False
129,Kelly Jones,25,Female,60.9,83.56,62.43,52.86,68.96,False
130,Holly Roberts,21,Male,80.22,83.97,55.88,72.59,73.36,True
131,Jessica Ward,17,Female,68.51,76.8,69.27,54.17,71.53,False
132,Ashley Terry,23,Female,74.9,77.66,72.23,91.03,74.93,True
133,Katie Miranda,24,Female,73.49,81.6,65.77,78.03,73.62,True
134,Jonathan Cameron,22,Male,49.97,73.61,56.58,89.64,60.05,True
135,Rachel Arias,15,Male,70.42,73.4,44.53,87.58,62.78,True
136,Holly Smith,23,Male,86.72,78.57,73.55,65.9,79.61,False
137,Christopher Hamilton,17,Male,70.26,79.4,40.61,61.36,63.42,False
138,Kenneth Sherman,23,Male,61.74,83.86,27.53,74.07,57.71,False
139,Richard Wallace,17,Female,67.08,70.59,64.39,79.99,67.35,True
140,Jean Harris,24,Male,57.49,72.54,27.73,99.37,52.59,False
141,Steven Floyd,16,Male,82.63,83.19,42.27,56.47,69.36,False
142,John Green,20,Male,66.61,81.93,48.75,54.28,65.77,False
143,Jimmy Mcpherson,23,Male,52.39,78.3,83.34,92.17,71.35,True
144,David Sawyer,23,Female,68.82,76.41,41.18,79.57,62.13,True
145,Leslie Bishop,17,Male,70.22,70.91,58.59,77.28,66.57,True
146,Kim Ortiz,20,Male,76.99,81.52,66.31,78.98,74.94,True
147,Sheryl Larsen,17,Male,73.31,80.29,38.59,52.28,64.06,False
148,Elizabeth Shepherd,16,Male,89.15,78.9,60.71,72.78,76.25,True
149,Eric Rogers,19,Female,79.31,74.52,34.66,62.93,62.83,False
150,Diane Smith,24,Female,72.03,75.09,75.74,57.89,74.29,False
151,Rachel Williams,15,Female,65.26,87.64,44.14,85.77,65.68,True
152,Melissa Snyder,23,Male,53.15,81.91,54.0,97.57,63.02,True
153,William Guerra,16,Female,65.95,79.4,71.59,50.49,72.31,False
154,Eric Lopez,18,Female,87.07,74.09,57.13,85.64,72.76,True
155,Valerie Gibson,18,Male,70.2,79.12,85.08,89.52,78.13,True
156,Steven Hudson,23,Male,88.33,81.41,64.92,97.44,78.22,True
157,Kathy Cohen,16,Female,67.36,78.35,46.16,64.79,63.96,False
158,Wesley Bell,15,Female,78.98,79.45,97.02,62.94,85.15,False
159,Chad Valdez,22,Female,68.54,90.91,74.17,78.1,77.87,True
160,Brandy Henry,23,Female,61.7,76.8,98.25,60.1,78.92,False
161,Lisa Blair,24,Female,66.21,82.85,38.26,85.01,62.44,True
162,Carmen Johnson,16,Male,58.93,72.58,77.45,97.49,69.65,True
163,James Valentine,20,Female,86.0,80.45,45.01,85.02,70.48,True
164,Troy Miles,23,Female,75.02,82.72,62.3,63.65,73.35,False
165,Oscar Anderson,20,Male,71.98,87.93,16.85,93.93,58.92,False
166,Chad Davis,15,Male,70.68,78.71,69.09,87.54,72.82,True
167,Nicholas Spears,25,Female,66.11,75.57,77.82,92.08,73.17,True
168,Micheal Kirby,15,Male,73.68,88.14,52.39,78.74,71.4,True
169,Brian Jackson,23,Male,77.16,80.05,76.39,98.3,77.86,True
170,Raymond Gray,22,Female,63.46,73.57,87.89,80.14,74.97,True
171,Scott Clark,23,Female,57.56,85.11,40.99,90.01,61.22,True
172,Thomas Hernandez,18,Male,80.66,81.63,75.4,94.07,79.23,True
173,Amanda Shannon,15,Female,60.96,82.29,57.64,99.04,66.96,True
174,Jackie Johnson,23,Male,71.02,78.84,14.64,76.12,54.83,False
175,Catherine Blake,18,Female,73.41,89.1,44.57,69.38,69.03,False
176,Stephanie Sanchez,20,Female,69.96,84.35,67.3,59.71,73.87,False
177,Carl Daniel,22,Female,67.87,69.29,51.11,64.23,62.76,False
178,Michelle Rice,24,Female,72.25,78.23,46.11,76.82,65.53,True
179,Tara King,17,Female,60.59,83.64,65.07,94.32,69.76,True
180,Jeanne Cortez,16,Male,69.51,78.18,26.94,53.18,58.21,False
181,Stephanie Wagner,25,Male,93.35,78.98,100.0,73.95,90.77,True
182,Cheryl Whitney,24,Male,70.48,76.64,68.03,69.32,71.72,False
183,Marvin Jensen,19,Male,90.21,82.36,44.5,64.38,72.36,False
184,John Powell,23,Female,67.82,68.63,62.09,91.52,66.18,True
185,Terry Phillips,25,Male,79.32,73.59,68.32,53.35,73.75,False
186,Phillip Guzman,17,Female,71.81,75.83,51.12,97.32,66.25,True
187,Courtney Ross,23,Female,59.04,80.52,66.52,54.56,68.69,False
188,Willie Dorsey MD,17,Female,72.46,78.48,69.32,91.5,73.42,True
189,David Ramirez,18,Female,85.18,77.66,84.3,59.79,82.38,False
190,Mark Harris,21,Male,73.05,91.95,37.74,72.55,67.58,True
191,Joshua Hammond,21,Male,56.54,77.31,37.19,85.18,57.01,False
192,Jerry Brown,21,Female,51.13,79.87,52.95,85.15,61.32,True
193,Cynthia Roy,15,Female,81.18,81.17,21.21,75.72,61.19,True
194,Daniel Baker,21,Male,74.94,89.87,77.51,99.0,80.77,True
195,Walter Robinson,21,Male,53.19,80.95,42.67,90.04,58.94,False
196,Anne Austin,24,Male,75.33,71.27,62.35,63.38,69.65,False
197,Laura Hamilton,16,Male,74.0,83.55,36.55,61.89,64.7,False
198,Jessica Decker,15,Male,59.39,79.42,89.11,53.69,75.98,False
199,Lindsay Martin,20,Female,64.97,77.22,59.29,89.17,67.16,True
200,Juan Davis,19,Female,72.17,80.2,35.17,94.41,62.51,True
201,Katherine Colon,24,Male,75.6,82.66,74.65,73.11,77.64,True
202,Mary Mendoza,17,Female,54.72,86.92,48.1,77.17,63.24,True
203,Antonio Cobb,22,Female,54.64,92.18,89.17,76.08,78.67,True
204,Laura Valencia,25,Male,83.18,83.47,26.99,86.24,64.55,True
205,Laura Martin,25,Male,80.93,84.43,49.38,91.3,71.58,True
206,Samantha Fernandez,15,Female,75.21,87.07,48.72,52.32,70.33,False
207,Susan Owen,20,Male,66.55,77.72,48.31,72.79,64.2,True
208,Jennifer Martin,15,Male,73.01,78.53,81.26,74.11,77.6,True
209,Kristen Mcintosh,19,Male,60.61,84.86,50.13,79.78,65.2,True
210,Elizabeth Tucker,20,Female,76.2,82.95,30.25,99.56,63.13,True
211,David Sanchez,24,Female,64.98,82.81,96.97,78.11,81.58,True
212,Michael Hernandez,23,Male,61.47,81.42,43.5,69.0,62.13,False
213,Melissa Liu,22,Male,68.36,76.46,54.1,83.73,66.31,True
214,Brian Chavez,15,Female,62.7,82.8,70.22,86.59,71.91,True
215,Joyce Martinez,24,Male,67.15,75.35,66.28,67.32,69.6,False
216,Kathleen Mccoy,17,Male,70.13,75.79,47.59,81.15,64.5,True
217,Richard Jacobs,17,Male,67.34,77.72,60.93,66.4,68.66,False
218,Dr. Scott Walsh Jr.,24,Female,80.96,76.27,58.36,95.25,71.86,True
219,Maria Golden,21,Male,73.95,74.75,46.25,84.81,64.98,True
220,David Wolfe,17,Female,75.24,79.56,52.91,58.68,69.24,False
221,Haley Stevens,17,Male,80.88,79.41,69.73,65.94,76.68,False
222,Judith Wheeler,15,Male,57.12,91.27,87.08,88.05,78.49,True
223,Victoria Peterson,19,Male,76.38,78.96,53.01,93.45,69.45,True
224,Kristin Walker,20,Male,68.28,77.48,63.61,67.61,69.79,False
225,Rhonda Cruz PhD,15,Male,52.21,75.01,68.21,94.45,65.14,True
226,Alexandra Simon,22,Male,78.31,87.86,100.0,82.4,88.72,True
227,Daniel Dominguez,16,Female,70.35,73.82,76.78,97.17,73.65,True
228,Deborah Miller,25,Female,79.14,84.18,83.35,58.67,82.22,False
229,Dennis Hicks,15,Male,82.75,82.63,54.72,79.29,73.37,True
230,Keith Meyer,23,Female,75.78,74.7,28.31,87.46,59.6,False
231,Erica Adams,15,Female,65.19,74.14,59.04,99.42,66.12,True
232,Anthony Rodriguez,15,Male,91.61,81.51,52.28,72.95,75.13,True
233,James Guzman II,15,Female,68.28,68.12,64.64,94.76,67.01,True
234,Jason Brennan,23,Female,61.66,80.79,49.69,79.8,64.05,True
235,Henry White,20,Female,77.32,75.62,84.01,52.31,78.99,False
236,Sean Stevens,15,Female,70.0,77.86,61.35,55.55,69.74,False
237,Karen Stevens,20,Male,81.4,76.86,54.57,88.88,70.94,True
238,Jaime Evans,15,Female,57.68,74.75,44.93,99.77,59.12,False
239,John Johnson,23,Female,66.97,81.72,38.19,65.15,62.29,False
240,Bryan Johnson,18,Male,75.86,80.5,65.95,73.31,74.1,True
241,Anna Griffin,19,Female,81.92,75.74,14.09,81.19,57.25,False
242,David Morse,22,Male,73.73,78.1,28.53,54.39,60.12,False
243,Kelly Sullivan,16,Female,73.17,82.87,39.94,60.53,65.33,False
244,Robert Wells,21,Female,71.27,74.94,75.93,73.44,74.05,True
245,Jennifer Smith,19,Male,62.46,78.11,31.81,98.63,57.46,False
246,Carlos Ray,24,Female,89.33,85.02,64.73,88.3,79.69,True
247,Stephen Montgomery,24,Male,80.38,81.94,46.52,66.1,69.61,False
248,Eileen Martinez,18,Female,67.88,85.52,58.84,88.0,70.75,True
249,Philip Rivera,16,Female,71.82,84.55,67.44,56.06,74.6,False
250,Scott Wilcox,15,Female,60.93,78.73,75.51,51.5,71.72,False
251,Susan Washington,16,Female,72.28,77.14,50.76,82.2,66.73,True
252,Whitney Zavala,17,Male,67.3,81.96,36.37,81.21,61.88,True
253,Tanya Dean,23,Male,71.95,77.98,47.81,71.49,65.91,True
254,Sara Cross,22,Male,71.74,76.59,41.19,52.88,63.17,False
255,Donald Taylor,17,Male,57.76,76.79,53.49,84.4,62.68,True
256,Michael Ferguson,19,Male,61.93,70.09,46.42,89.56,59.48,False
257,Robert Sutton,23,Female,72.24,75.25,78.9,64.91,75.46,False
258,Paige Murphy DVM,25,Female,83.68,81.17,64.12,74.95,76.33,True
259,Erica Kelly,17,Female,66.77,75.98,61.61,54.26,68.12,False
260,Sheryl Murphy,16,Male,58.97,82.61,48.83,93.27,63.47,True
261,Ethan Arroyo,23,Male,66.74,77.27,75.24,83.23,73.08,True
262,Gary Young DVM,24,Female,81.6,72.22,71.7,95.62,75.18,True
263,Michael Morales,16,Female,61.57,73.04,78.83,89.65,71.14,True
264,Margaret Wilson,16,Male,78.9,78.11,37.16,69.41,64.72,False
265,Alexandra Wilkins,16,Female,68.47,82.44,71.42,76.84,74.11,True
266,Felicia Butler,21,Male,67.69,79.17,100.0,91.6,82.29,True
267,Natasha May,19,Female,61.21,82.98,49.03,54.71,64.41,False
268,Timothy Smith,21,Female,85.24,77.73,92.79,83.15,85.25,True
269,Leslie Malone,15,Male,59.44,77.27,74.45,83.09,70.39,True
270,Donna Little,20,Male,76.76,79.03,90.85,93.79,82.21,True
271,Nicholas Hatfield,18,Male,75.86,83.02,68.3,79.14,75.73,True
272,Matthew Tyler,21,Male,62.22,78.65,72.65,63.35,71.17,False
273,Kelsey Floyd,21,Female,74.7,88.06,23.01,81.61,61.92,True
274,Patrick Cruz,24,Male,59.07,72.33,64.71,91.77,65.37,True
275,Donald Fox,25,Female,72.58,93.36,91.34,60.89,85.76,False
276,Scott Young,22,Male,74.51,76.47,51.93,78.67,67.64,True
277,Jacob Davidson,18,Male,77.06,87.8,37.21,99.06,67.36,True
278,Scott Green,16,Male,62.51,75.64,86.84,72.28,75.0,True
279,Ryan Barker,24,Male,71.08,81.32,93.54,65.46,81.98,False
280,Catherine Schmitt,20,Female,61.26,73.29,60.65,88.0,65.07,True
281,Melinda Wade,25,Male,78.29,78.31,37.48,75.3,64.7,True
282,Kayla Rivera,19,Male,86.53,81.56,41.61,92.88,69.9,True
283,Curtis Contreras,25,Female,68.46,81.98,96.01,89.22,82.15,True
284,Seth Rodriguez,21,Female,63.76,77.84,80.27,97.98,73.96,True
285,Christopher Oliver,23,Female,80.52,85.84,58.42,94.64,74.93,True
286,Jamie Cox,24,Male,70.54,81.11,100.0,69.19,83.88,False
287,Jennifer Lee,24,Male,67.89,85.47,26.11,76.09,59.83,False
288,Shelby Hanson,23,Male,71.62,80.73,33.49,79.08,61.95,True
289,Mark Young,15,Male,71.75,77.62,56.09,77.71,68.49,True
290,Kathleen Montgomery,24,Male,56.94,79.41,67.89,86.36,68.08,True
291,Bruce Owens,20,Male,84.34,79.15,65.86,69.55,76.45,False
292,Jessica Crawford,23,Female,81.11,79.51,16.86,65.61,59.16,False
293,Rachael Williams,25,Female,55.25,83.03,38.93,64.21,59.07,False
294,Brian Lambert,21,Female,75.76,78.36,34.66,58.28,62.93,False
295,Lauren Jacobs,25,Male,69.47,91.4,66.68,89.48,75.85,True
296,Robert Clark,15,Male,73.71,75.03,59.05,71.93,69.26,True
297,Jimmy Young,20,Female,56.84,80.74,58.68,87.96,65.42,True
298,Thomas Moore,23,Female,50.9,88.44,55.37,90.18,64.91,True
299,Jorge Munoz,24,Female,65.79,88.52,89.33,79.77,81.21,True
300,David Durham,22,Male,63.41,84.99,65.58,85.4,71.33,True
301,Brandon Aguilar,20,Male,69.54,86.87,81.16,79.12,79.19,True
302,Craig Roberts,24,Male,77.29,90.08,28.91,68.76,65.43,False
303,Joshua Jackson,24,Male,62.38,84.24,72.04,75.92,72.89,True
304,Toni Taylor,23,Female,77.07,77.01,69.94,75.23,74.67,True
305,James Stephens,17,Male,69.0,76.86,45.34,68.35,63.73,False
306,Lori Russell,18,Female,64.1,82.03,52.97,57.05,66.37,False
307,Claire Daniel PhD,22,Female,64.13,84.36,67.82,85.73,72.11,True
308,Margaret Vaughn,18,Male,77.77,74.82,61.94,62.9,71.51,False
309,Andrew Rhodes,17,Male,82.02,82.52,47.83,72.53,70.79,True
310,Thomas Garcia,15,Female,67.4,83.1,58.32,92.15,69.6,True
311,Katherine Rodriguez,24,Female,74.51,74.03,79.24,55.29,75.93,False
312,Cassie Lawrence,19,Male,69.18,83.86,71.71,62.15,74.92,False
313,Angela Swanson,17,Male,67.61,80.48,96.09,64.53,81.39,False
314,Martin Davidson,18,Male,75.7,74.86,46.93,52.49,65.83,False
315,Kenneth Jones,19,Female,58.15,71.56,71.38,89.39,67.03,True
316,Ronald Moran,22,Female,60.41,82.75,58.51,87.05,67.22,True
317,Ann Armstrong,20,Female,63.86,81.7,56.81,65.29,67.45,False
318,Randy Fowler,17,Male,63.4,80.6,38.98,52.74,61.0,False
319,Ashley Thompson,22,Female,64.5,82.24,51.29,57.95,66.01,False
320,Larry Barker,19,Male,72.75,75.47,60.59,91.21,69.61,True
321,Melissa Allen,24,Male,64.99,75.13,70.22,66.51,70.11,False
322,Jennifer Young,22,Female,72.64,86.26,75.53,99.97,78.14,True
323,Jacob Reyes,17,Female,72.4,72.14,33.39,67.78,59.31,False
324,Wayne Lopez,15,Male,69.78,70.53,50.62,82.07,63.65,True
325,Mrs. Kristen Wilson,17,Female,57.13,81.83,53.68,79.2,64.21,True
326,Darrell Burton,22,Male,85.15,82.21,69.06,96.81,78.81,True
327,Mark Aguirre,18,Female,63.26,73.09,55.38,77.07,63.91,True
328,Jessica Simmons,15,Male,76.35,85.96,46.48,81.7,69.6,True
329,James Gross,25,Female,68.61,82.37,60.5,56.42,70.49,False
330,Jacqueline Matthews,19,Male,67.22,86.46,67.91,55.86,73.86,False
331,Michael Garza,17,Male,75.22,75.88,54.73,52.53,68.61,False
332,Kristin Butler,20,Male,76.65,78.09,98.23,57.89,84.32,False
333,Thomas Webb,22,Female,43.88,72.48,68.56,85.88,61.64,True
334,Adam Boyd,24,Female,68.64,78.53,69.5,95.8,72.23,True
335,Cody Matthews,21,Male,69.04,83.7,64.82,52.87,72.52,False
336,Matthew Lopez,25,Male,72.93,72.47,70.66,84.29,72.02,True
337,Jennifer Jones,25,Female,64.62,74.47,50.69,72.36,63.26,True
338,Amber Mason,15,Male,57.19,87.79,66.17,60.36,70.38,False
339,Jennifer Rodriguez,20,Female,54.45,81.8,52.43,89.47,62.89,True
340,Gabriel Johnson,21,Female,67.44,81.25,40.28,54.28,62.99,False
341,Robert Cox,23,Female,72.01,77.49,90.2,58.64,79.9,False
342,Philip Miller,21,Female,63.78,83.57,92.82,83.97,80.06,True
343,Kiara Horton,24,Female,44.36,79.2,46.27,64.87,56.61,False
344,Andrea Davis,19,Male,70.58,68.82,33.31,59.61,57.57,False
345,Tim Castro,18,Female,62.24,77.38,19.69,83.19,53.11,False
346,Kristi Morrison,22,Female,60.78,81.31,88.98,79.04,77.02,True
347,Charles Yang,15,Male,75.88,82.83,70.42,55.16,76.38,False
348,David Ruiz,17,Female,90.32,77.72,57.89,60.48,75.31,False
349,Bryan Braun,19,Male,76.32,72.44,21.84,64.07,56.86,False
350,Teresa Graves,21,Male,73.73,79.35,36.29,90.91,63.12,True
351,Nicholas Ward,21,Female,60.77,82.48,53.53,59.62,65.59,False
352,Kimberly Holmes,15,Female,65.6,80.62,45.47,62.93,63.9,False
353,Ashley Fowler,25,Female,96.64,86.37,46.44,85.04,76.49,True
354,Meghan Chambers,24,Female,57.74,73.86,56.27,85.87,62.62,True
355,Jennifer Joyce,16,Female,71.49,76.13,59.79,50.7,69.14,False
356,Kyle Smith,25,Female,73.2,80.99,76.19,68.14,76.79,False
357,Allison Avila,16,Female,68.93,75.89,92.82,70.95,79.21,True
358,Elizabeth Lopez,15,Male,66.8,69.5,31.22,87.73,55.84,False
359,Michael Davis,15,Female,76.49,74.73,74.79,94.64,75.34,True
360,Michael Smith,23,Female,78.71,76.58,70.89,82.93,75.39,True
361,Jose Ramos,21,Female,78.43,85.4,82.01,85.61,81.95,True
362,Jill Hill,16,Female,53.6,77.41,71.47,56.37,67.49,False
363,Gary Johnson,18,Female,82.57,75.54,53.43,64.98,70.51,False
364,Justin Foster,22,Female,77.2,77.47,64.18,93.43,72.95,True
365,Michael Williams,15,Male,58.12,70.57,58.8,88.17,62.5,True
366,Timothy Gomez,24,Male,55.56,80.39,57.0,99.6,64.32,True
367,Vanessa Perez,24,Male,79.77,83.54,87.54,60.2,83.62,False
368,Deborah Rogers,19,Male,74.6,79.33,90.72,85.41,81.55,True
369,Kerry Stanley,15,Female,71.24,77.11,97.76,85.15,82.04,True
370,Wendy White,23,Female,75.83,80.67,39.35,70.58,65.28,True
371,Brandon Watson,22,Male,81.29,77.84,52.24,97.12,70.46,True
372,Sandra Woodward,22,Male,77.9,76.97,81.94,64.97,78.94,False
373,Megan Shaffer,22,Female,58.91,87.74,59.24,86.13,68.63,True
374,Wendy Price,24,Male,70.03,73.16,68.72,92.74,70.63,True
375,Danielle Mcmahon,23,Female,80.73,84.72,58.56,84.89,74.67,True
376,Steven Nolan,24,Female,71.42,78.95,61.14,86.03,70.5,True
377,Paula Curtis,18,Male,68.91,78.04,70.0,53.15,72.32,False
378,Jessica Cameron,21,Male,70.58,82.03,53.16,72.18,68.59,True
379,Ian Hale,19,Female,58.24,78.87,95.17,56.59,77.43,False
380,Lori Smith,19,Male,74.75,77.48,70.78,74.32,74.34,True
381,Brandi Mcdaniel,21,Male,71.62,78.21,45.07,65.57,64.97,False
382,John Miller,20,Female,50.87,84.2,81.2,65.16,72.09,False
383,David Cruz,25,Male,76.41,77.16,67.58,69.5,73.72,False
384,Justin Gray,22,Male,68.72,80.04,100.0,54.27,82.92,False
385,Rodney Lopez,21,Female,62.63,76.59,70.41,51.68,69.88,False
386,Kathryn Watson,22,Female,71.13,77.38,55.82,73.6,68.11,True
387,Roberta Lee,24,Male,76.19,76.88,28.6,82.5,60.55,True
388,Melinda Koch,16,Female,62.81,82.35,56.37,73.96,67.18,True
389,Danny Harrison,23,Female,65.93,79.13,51.13,51.6,65.4,False
390,John Allen,23,Male,81.42,83.58,78.13,66.1,81.04,False
391,Kristina Mcclain,21,Female,81.33,84.69,73.5,56.49,79.84,False
392,Jose Paul,19,Female,61.19,84.87,39.47,71.41,61.84,True
393,Teresa Walker,24,Male,83.16,77.28,80.32,65.95,80.25,False
394,Donna Taylor,25,Female,63.13,80.24,80.93,63.22,74.76,False
395,Jennifer Lewis,18,Female,71.15,78.6,49.21,92.67,66.32,True
396,John Mcgee,18,Female,52.2,69.17,70.97,66.14,64.11,False
397,Mr. Jerry Warren,20,Female,69.46,82.44,28.35,57.58,60.08,False
398,Melissa Hutchinson,25,Male,73.56,90.87,64.51,52.58,76.31,False
399,Andrew Davis,21,Female,65.65,78.44,50.19,50.45,64.76,False
400,Lisa Price DDS,16,Male,44.62,88.76,30.31,95.86,54.56,False
401,Robert Jones DDS,22,Male,59.51,84.37,60.7,94.31,68.19,True
402,Joseph Garrett Jr.,16,Male,75.23,76.88,88.22,64.95,80.11,False
403,Jeffrey Kramer,18,Male,79.1,78.66,41.66,95.63,66.47,True
404,Amanda Curtis,23,Male,63.8,82.58,56.19,74.15,67.52,True
405,John Mills,25,Female,76.67,72.96,47.37,91.27,65.67,True
406,Lee Turner,21,Female,58.17,84.41,57.68,94.35,66.75,True
407,Dr. Taylor Moyer,25,Male,56.41,76.54,48.15,83.76,60.37,True
408,Gregory Mcgee,19,Male,59.5,79.34,88.62,80.86,75.82,True
409,Faith Evans,17,Male,63.66,80.14,67.65,57.69,70.48,False
410,Christine Lynch,23,Female,50.12,79.45,59.65,73.29,63.07,True
411,Kelsey Smith,19,Male,64.07,84.28,35.9,89.23,61.41,True
412,Lisa Mendez,21,Female,80.55,75.49,83.61,78.37,79.88,True
413,James Crawford,18,Male,55.35,85.29,33.72,95.27,58.12,False
414,William Henderson,22,Female,80.96,80.43,46.61,63.47,69.33,False
415,Charles Barnett,22,Female,83.01,75.81,48.82,76.15,69.21,True
416,Courtney Gomez,18,Male,73.75,82.81,52.88,63.26,69.81,False
417,Reginald Fernandez,16,Female,79.0,79.63,93.12,71.8,83.92,True
418,Mrs. Mary West,23,Female,70.04,78.02,96.3,62.45,81.45,False
419,Richard Cain,19,Male,80.98,72.49,42.59,59.47,65.35,False
420,Kathleen Richards,19,Male,79.66,84.58,53.19,74.96,72.47,True
421,Jacqueline Fleming,20,Male,74.32,73.94,66.5,78.96,71.59,True
422,Nathan Campbell,25,Female,69.55,78.21,45.58,62.28,64.45,False
423,Dr. Kristin Russell,20,Male,64.97,88.48,63.84,87.94,72.43,True
424,Mr. Brian Ballard,25,Male,87.92,82.39,56.06,65.22,75.46,False
425,Marie Clay,24,Male,60.54,77.74,72.41,81.81,70.23,True
426,April Meyers,17,Male,54.17,77.54,54.97,73.88,62.23,True
427,Frank Mclaughlin,24,Female,75.87,77.93,29.22,68.84,61.0,False
428,Michael Harris,16,Male,64.92,76.51,57.34,89.59,66.26,True
429,Tamara Gonzalez,24,Male,87.33,83.01,89.35,91.07,86.56,True
430,John Smith,24,Male,100.0,74.85,63.68,96.27,79.51,True
431,Allison Underwood,19,Male,75.85,76.04,66.81,91.77,72.9,True
432,Jacob Cowan,25,Female,76.2,73.59,72.36,70.56,74.05,True
433,Jessica Black,21,Female,65.81,82.01,84.4,75.86,77.41,True
434,Heather Thomas,18,Male,62.32,75.87,63.79,72.81,67.33,True
435,Katie Taylor,19,Female,73.53,77.8,74.96,87.16,75.43,True
436,Elizabeth Michael,15,Female,81.33,74.2,60.68,78.78,72.07,True
437,Sierra Porter,25,Male,58.72,80.87,71.42,97.5,70.34,True
438,Kerri Hayes,17,Male,70.46,89.59,63.31,66.0,74.45,False
439,Thomas Cooper,17,Female,57.28,79.27,68.96,94.64,68.5,True
440,Carmen Campos,25,Male,52.56,73.08,45.87,96.81,57.17,False
441,Andrew Barnes,17,Male,75.83,71.7,49.86,72.15,65.8,True
442,Bryan Baker,22,Female,87.03,79.37,82.34,81.17,82.92,True
443,Jeffrey Robinson,19,Male,74.4,79.79,63.09,64.43,72.43,False
444,Natalie Mills,21,Male,60.76,85.18,82.34,99.63,76.09,True
445,James Francis,16,Female,78.56,79.79,84.01,61.29,80.78,False
446,Leslie Johnson,18,Male,55.51,73.8,43.07,84.95,57.46,False
447,Kendra Goodman,22,Male,73.72,80.62,51.91,68.65,68.75,False
448,Christopher Williamson,18,Female,67.77,81.6,35.56,62.7,61.64,False
449,Russell Figueroa,18,Male,55.89,73.85,61.42,72.0,63.72,True
450,Daniel Jenkins,23,Male,68.97,77.55,63.85,95.09,70.12,True
451,Nichole Dickson,21,Male,88.87,77.96,52.49,54.56,73.11,False
452,Aaron Edwards,21,Male,66.95,84.45,81.7,83.89,77.7,True
453,Christy Huffman,22,Male,81.76,82.32,73.84,51.16,79.3,False
454,Kathryn King,15,Female,78.07,74.07,24.38,50.98,58.84,False
455,Kevin Gibson,21,Male,64.96,83.65,91.89,70.29,80.16,True
456,Tammy Ayala,24,Female,79.51,80.99,42.31,51.14,67.6,False
457,Michael Jackson,22,Male,66.66,82.44,43.58,70.32,64.23,True
458,Christopher Allen,22,Male,66.87,81.59,86.78,78.0,78.41,True
459,Michele Reyes,25,Female,67.08,93.43,59.06,69.72,73.19,False
460,Kendra Rodriguez,16,Female,59.05,80.52,35.11,69.04,58.22,False
461,Jeffrey Raymond,23,Female,82.91,88.71,44.88,74.76,72.16,True
462,Seth Hardy,23,Male,71.73,77.76,28.86,76.18,59.45,False
463,Benjamin Miles,25,Male,78.21,75.88,56.87,54.97,70.32,False
464,April Ward,21,Female,78.08,75.35,61.34,92.62,71.59,True
465,Mitchell Peters,22,Male,75.86,74.29,49.98,99.16,66.71,True
466,Marcus Thompson,23,Female,70.73,81.53,32.69,56.5,61.65,False
467,Brittany Meyer,21,Female,68.3,75.66,85.75,68.26,76.57,False
468,Bryan Mueller,17,Female,76.59,81.75,61.33,72.25,73.22,True
469,Rachel Pham,20,Female,64.5,84.07,41.19,53.62,63.25,False
470,Mrs. Colleen Cox,16,Male,54.47,70.56,69.67,76.11,64.9,True
471,Dr. Aaron Reynolds,17,Female,65.87,81.38,51.96,56.2,66.4,False
472,Ryan Wilson,24,Male,75.65,79.91,68.36,89.47,74.64,True
473,Lisa Foster,24,Female,63.73,65.01,61.36,96.35,63.37,True
474,Sarah Tucker,20,Female,78.64,73.54,56.61,57.66,69.6,False
475,Ashley Richards,22,Female,72.66,85.76,65.13,88.43,74.52,True
476,Elizabeth Ellis,22,Male,68.22,83.33,80.73,87.54,77.43,True
477,Terrance Jimenez,17,Male,81.04,75.14,55.73,70.95,70.63,True
478,Emily Lucas,20,Female,83.05,74.12,34.02,72.04,63.73,True
479,Daniel Phillips,25,Male,65.14,76.96,28.03,97.89,56.71,False
480,Joseph Ingram,19,Female,74.45,82.08,86.26,84.77,80.93,True
481,Courtney Myers,15,Female,90.38,81.57,69.53,99.16,80.49,True
482,Patricia Anderson,16,Female,70.97,88.08,40.06,95.3,66.37,True
483,Vicki Alvarado,16,Male,81.5,74.65,53.25,90.84,69.8,True
484,Benjamin Pierce,17,Male,85.39,79.56,69.01,60.3,77.98,False
485,Mark Bishop,23,Female,73.69,79.93,78.33,73.42,77.32,True
486,Grant Lowe,25,Male,88.1,89.04,56.38,99.22,77.84,True
487,Kevin Mcdaniel,18,Female,67.6,89.45,88.83,95.93,81.96,True
488,Joshua Pham,22,Male,76.42,81.72,46.33,99.07,68.16,True
489,Gary Walker,19,Female,74.28,78.88,47.68,59.0,66.95,False
490,Ashley Rogers,19,Male,66.06,77.53,39.35,55.82,60.98,False
491,Nathan Middleton,18,Female,82.22,81.1,93.57,57.42,85.63,False
492,Richard Norris,22,Female,91.92,76.14,51.95,75.23,73.33,True
493,Amber Cervantes,23,Male,68.46,75.64,36.07,92.94,60.06,True
494,Dominic Barnes,16,Male,74.52,87.79,89.31,99.23,83.88,True
495,Christopher Parker,19,Female,66.39,85.89,32.15,66.78,61.47,False
496,Ashley Maldonado,18,Female,64.29,76.34,51.92,50.05,64.18,False
497,Kathleen Lewis,25,Male,61.99,88.26,74.47,95.25,74.91,True
498,Peter Lloyd,16,Male,60.6,80.64,56.26,97.7,65.83,True
499,Stephen Fletcher DDS,21,Male,73.09,68.72,64.55,75.47,68.78,True
500,Vernon Bryant,16,Male,69.01,79.91,56.28,67.01,68.4,False
501,John Conley,17,Female,68.17,80.84,53.77,57.31,67.59,False
502,Erica Estrada,22,Male,79.44,79.62,64.1,78.37,74.39,True
503,Keith Sweeney,22,Male,72.57,81.16,83.58,69.08,79.1,False
504,James Ball,16,Female,69.21,79.62,57.81,85.7,68.88,True
505,Jon Wright,17,Male,71.71,80.94,71.24,87.52,74.63,True
506,Erik Simpson,15,Female,81.0,77.92,57.35,79.67,72.09,True
507,Richard Ross,19,Male,73.82,82.91,43.73,53.2,66.82,False
508,Tiffany Waters,17,Female,70.24,80.27,60.16,93.4,70.22,True
509,Christina Poole,22,Female,66.12,81.4,69.37,95.53,72.3,True
510,Nicholas Wilson,18,Male,50.58,81.86,53.39,94.23,61.95,True
511,Roy Melendez,17,Male,74.22,86.52,82.32,57.31,81.02,False
512,Leslie Jackson,22,Male,59.33,83.34,63.81,51.33,68.83,False
513,Katelyn Robinson,20,Male,71.47,77.97,43.98,66.71,64.47,False
514,Brian Buck,21,Male,76.16,79.3,64.25,91.71,73.24,True
515,Dana Morgan,25,Female,66.78,86.41,74.5,87.3,75.9,True
516,Carlos Hicks,19,Female,68.73,75.83,56.93,76.83,67.16,True
517,Chad Mitchell,22,Male,67.12,79.89,62.91,80.14,69.97,True
518,Paul Woodward,23,Male,58.34,82.39,76.85,68.56,72.53,False
519,Melissa Davidson,15,Male,82.37,85.24,47.19,97.03,71.6,True
520,Nicole Harris,15,Male,80.68,84.01,51.88,70.81,72.19,True
521,Denise Carlson,15,Female,69.31,84.62,34.53,59.42,62.82,False
522,Ashley Marshall,24,Female,64.09,75.23,69.31,91.14,69.54,True
523,Patricia Lopez,25,Male,77.75,75.38,84.56,97.34,79.23,True
524,Lisa Burnett,23,Male,67.5,82.89,72.2,72.63,74.2,True
525,Melanie Terry,17,Male,68.44,75.36,44.27,70.48,62.69,True
526,Bradley Turner,16,Female,82.7,78.66,86.25,91.35,82.53,True
527,Robert Davies,23,Female,65.63,96.75,37.88,92.31,66.75,True
528,Lindsey Thompson,24,Female,63.55,76.82,73.53,94.95,71.3,True
529,Stephen Garrett,25,Male,68.67,82.94,76.0,76.0,75.87,True
530,Kelly Oliver,19,Male,71.45,84.17,100.0,88.2,85.21,True
531,Savannah Vaughan,16,Female,58.58,76.92,100.0,89.03,78.5,True
532,Amy Watson,22,Female,75.7,75.26,100.0,77.71,83.65,True
533,Jennifer Williams,21,Male,53.33,90.36,55.49,60.43,66.39,False
534,Tamara Wright,22,Female,48.51,83.85,98.01,98.49,76.79,True
535,Chris George,21,Male,76.54,78.3,75.01,80.38,76.62,True
536,Jacqueline Hill,21,Male,74.78,81.96,90.48,62.55,82.41,False
537,Billy Sloan,17,Female,68.98,79.21,36.43,78.09,61.54,True
538,Shannon Jackson MD,20,Male,55.93,82.59,40.22,84.62,59.58,False
539,Connie Bates,22,Male,55.76,82.73,57.91,61.88,65.47,False
540,Brittney Hernandez,22,Male,69.72,74.89,80.36,98.81,74.99,True
541,Ann Alvarado,17,Male,69.59,82.15,24.39,62.37,58.71,False
542,John Fernandez,16,Female,71.28,72.76,46.37,84.65,63.47,True
543,Michelle Davis,24,Female,73.69,82.25,66.79,55.67,74.24,False
544,Lori Sanchez,17,Female,62.86,80.68,37.17,58.97,60.23,False
545,Tyler Forbes,19,Male,65.06,74.93,69.58,57.19,69.86,False
546,Ashley Patel,21,Female,68.06,88.47,42.9,55.65,66.48,False
547,Mrs. Jennifer Jones,21,Male,67.54,79.58,40.12,60.94,62.41,False
548,David Weaver,24,Female,76.17,80.26,40.09,60.08,65.51,False
549,James Johnson,16,Male,54.16,78.25,68.46,56.5,66.96,False
550,Lauren Miranda,24,Male,53.34,85.74,52.74,86.64,63.94,True
551,Andrew Wilson,25,Male,62.11,80.34,42.99,73.06,61.81,True
552,Derek Harris,15,Male,70.92,76.69,34.62,75.87,60.74,True
553,Matthew Colon,20,Female,81.12,81.42,66.44,94.26,76.33,True
554,Shaun Cooper,18,Male,52.99,78.53,62.56,52.09,64.7,False
555,Joshua Moody,15,Female,77.87,82.24,49.43,71.38,69.85,True
556,Kyle Simmons,24,Male,79.08,70.34,67.68,84.4,72.36,True
557,Kerri Wright,20,Female,69.59,86.46,71.83,60.2,75.96,False
558,Elizabeth Moreno,18,Male,58.32,76.81,46.88,59.13,60.67,False
559,Jessica Jackson,18,Female,69.08,84.45,38.73,54.51,64.09,False
560,Bradley Taylor,21,Male,84.24,81.62,73.47,85.75,79.77,True
561,Jaclyn Wise,24,Female,94.25,88.57,46.68,95.19,76.5,True
562,Robert Wright,15,Female,75.1,78.7,67.07,55.22,73.62,False
563,Donna Spencer,23,Male,79.79,83.23,38.57,70.67,67.19,True
564,Sonya Holt,15,Male,75.64,76.1,2.29,56.92,51.34,False
565,Alex Doyle,22,Female,48.72,78.18,94.14,54.8,73.68,False
566,Heather Hensley,18,Female,57.26,75.55,50.44,54.94,61.08,False
567,Michael George,15,Female,68.16,76.51,72.68,65.24,72.45,False
568,Lauren Lewis,16,Male,70.51,80.21,73.99,81.43,74.9,True
569,Brent Brown,19,Male,72.49,79.23,63.83,80.73,71.85,True
570,Tyler Hull,16,Female,68.9,88.65,51.36,93.39,69.64,True
571,Roy Gonzalez,17,Male,60.74,70.53,64.76,95.91,65.34,True
572,Amber Peters,19,Female,52.49,83.62,51.47,61.05,62.53,False
573,Carolyn Hernandez,25,Female,65.14,81.3,45.05,97.88,63.83,True
574,Nancy Lopez,22,Female,86.7,81.83,95.73,62.11,88.09,False
575,Joseph Tucker,19,Male,72.18,85.05,20.98,65.05,59.4,False
576,Daniel Wells,24,Female,56.03,76.96,73.7,69.52,68.89,False
577,Paul Mclaughlin,19,Male,88.89,89.86,69.23,67.45,82.66,False
578,Evelyn Lee,20,Female,79.18,78.02,63.56,96.43,73.59,True
579,Gabriel Valdez,22,Male,70.61,77.44,92.06,88.98,80.04,True
580,Jose Becker,22,Female,75.95,76.01,60.87,94.54,70.94,True
581,Regina Rosales,15,Male,56.32,84.41,83.23,55.46,74.65,False
582,Debra Morris,25,Female,62.48,87.53,55.41,56.6,68.47,False
583,Brent West,19,Female,84.74,82.85,64.88,86.72,77.49,True
584,Justin Hogan,21,Male,76.85,77.46,34.42,67.38,62.91,False
585,James Miller,25,Female,57.04,79.75,59.63,95.45,65.47,True
586,Justin Ortiz,25,Female,71.24,85.75,48.51,53.19,68.5,False
587,Jeffrey Smith,24,Male,76.06,87.17,40.05,56.77,67.76,False
588,Stacy Reed,20,Male,79.24,79.22,66.0,96.41,74.82,True
589,Jeffrey Robinson,25,Male,74.98,85.79,59.97,86.33,73.58,True
590,Kara Smith,15,Female,72.87,86.73,65.48,79.9,75.03,True
591,Rita Bailey,17,Female,75.11,79.59,64.9,70.2,73.2,True
592,Tamara Bailey,20,Female,72.65,74.38,85.18,81.85,77.4,True
593,Dustin Padilla,20,Male,62.69,79.01,63.13,90.06,68.28,True
594,Jordan Briggs,24,Female,63.74,73.02,60.46,62.66,65.74,False
595,William Washington,18,Female,78.29,79.84,52.04,97.38,70.06,True
596,Paula Willis,24,Male,85.87,84.2,28.13,79.71,66.06,True
597,Amanda Garcia,18,Female,88.01,75.22,71.56,85.36,78.27,True
598,Karen Patterson,24,Male,85.78,81.64,55.43,51.35,74.28,False
599,Guy Medina,15,Female,58.86,71.49,62.73,69.9,64.36,False
600,Jesse Smith,17,Male,61.31,78.21,72.0,74.99,70.51,True
601,Hunter Ramirez,19,Female,54.68,87.26,55.99,63.94,65.98,False
602,Kenneth Lee,24,Female,76.86,77.96,43.67,76.48,66.16,True
603,Eileen Pineda,23,Female,73.03,84.15,86.25,64.99,81.14,False
604,Samuel Carpenter,23,Male,79.27,76.6,63.38,60.09,73.08,False
605,Kara Hogan,23,Male,67.0,80.44,88.92,54.65,78.79,False
606,Jason Walton,23,Male,87.25,88.21,43.24,78.55,72.9,True
607,Ronald Drake,20,Male,52.23,79.89,71.91,81.5,68.01,True
608,Gregory Martin,16,Female,77.37,88.76,50.18,83.84,72.1,True
609,Debra Lester,24,Female,77.07,78.25,21.61,79.87,58.98,False
610,Mitchell Grant,25,Male,60.06,79.82,62.98,84.53,67.62,True
611,Jeremy Richmond,15,Female,74.31,76.08,73.59,99.79,74.66,True
612,George Hanna,15,Male,64.02,70.8,100.0,60.66,78.27,False
613,Charles Potter,23,Male,93.3,75.45,26.4,55.88,65.05,False
614,Brianna Navarro,16,Female,78.3,80.89,32.43,92.55,63.88,True
615,Cindy Cooper,15,Male,88.58,81.86,82.24,57.1,84.23,False
616,Sheena James,25,Male,61.47,82.3,31.22,78.81,58.33,False
617,Hannah Washington,24,Female,71.32,77.69,69.16,56.05,72.73,False
618,Dylan Everett,20,Male,77.79,74.33,39.81,92.62,63.98,True
619,Frances Robinson,21,Female,57.14,84.82,67.09,90.14,69.69,True
620,Keith Gonzalez,22,Male,57.33,77.58,81.08,80.42,72.0,True
621,Lindsay Dean,16,Female,91.82,75.56,68.14,79.97,78.51,True
622,Joshua Mclean,20,Female,58.06,72.55,79.0,90.22,69.87,True
623,Karen Barnes,15,Female,56.97,89.59,48.23,79.88,64.93,True
624,Mary Johnson,20,Male,56.82,71.84,50.41,96.88,59.69,False
625,Misty Bennett,24,Male,72.56,83.97,23.64,67.42,60.06,False
626,Steve David,20,Male,58.52,85.34,79.15,95.78,74.34,True
627,Jose Smith,21,Male,78.59,76.82,62.55,64.3,72.65,False
628,Pamela Johnson,15,Male,77.52,86.4,51.52,90.01,71.81,True
629,Kim Nguyen,18,Female,74.13,83.72,65.55,87.45,74.47,True
630,Martin Weber Jr.,22,Male,73.28,79.38,100.0,50.92,84.22,False
631,Dennis Meadows,24,Female,66.72,74.66,79.73,96.47,73.7,True
632,Richard Schultz,15,Male,75.81,81.89,50.58,94.64,69.43,True
633,Nancy Collins,21,Male,55.05,76.94,95.29,61.76,75.76,False
634,Lisa Miller,21,Male,62.69,73.78,56.69,92.9,64.39,True
635,Tracy Frey,23,Male,75.43,84.32,87.11,95.8,82.29,True
636,Kimberly Lewis,24,Male,60.8,87.66,33.12,92.06,60.52,True
637,Alan Valentine,22,Male,73.98,87.62,77.6,96.19,79.73,True
638,Robert Knight,16,Male,63.71,87.0,84.6,91.33,78.44,True
639,Bradley Figueroa,25,Male,63.62,84.25,56.79,69.52,68.22,False
640,Stanley Boone,19,Male,85.88,89.82,41.56,62.51,72.42,False
641,Mark Johnson MD,24,Female,88.52,85.34,46.76,62.03,73.54,False
642,Alexandra Avila,17,Female,84.82,76.27,50.75,95.09,70.62,True
643,Adam Burnett,17,Female,79.29,80.71,36.94,62.33,65.65,False
644,Ryan Hill,18,Female,78.15,86.03,57.8,95.34,73.99,True
645,Brandon Mcmahon,22,Male,83.2,74.34,55.38,54.5,70.97,False
646,Nancy Campbell,23,Female,77.01,83.59,57.24,77.75,72.61,True
647,Marcus Fletcher,21,Female,48.49,74.33,66.87,82.15,63.23,True
648,Michele Maynard,21,Male,73.65,89.38,23.57,53.78,62.2,False
649,Patricia Little,16,Female,78.21,78.99,64.72,99.45,73.98,True
650,Charles Davis DDS,17,Male,58.82,86.08,71.25,72.94,72.05,True
651,Veronica Daniel,15,Male,77.84,89.54,48.26,50.49,71.88,False
652,Tammy Wilson,15,Female,71.76,88.96,55.78,92.86,72.16,True
653,Judy Phillips,22,Female,85.42,80.91,77.34,90.44,81.22,True
654,Mrs. Deborah Henderson,20,Female,69.9,79.27,82.39,90.67,77.19,True
655,John Bryant,18,Male,56.16,79.49,89.37,78.33,75.01,True
656,Trevor Crane,24,Female,49.4,80.18,55.85,53.72,61.81,False
657,Johnathan Lee,22,Female,70.07,80.05,57.68,56.17,69.27,False
658,Matthew King,17,Female,66.73,82.7,66.72,81.53,72.05,True
659,Micheal Smith,21,Female,61.7,80.11,54.4,69.1,65.4,False
660,Jonathan Reese,15,Female,64.31,81.76,62.85,90.46,69.64,True
661,Jason Ruiz,19,Male,81.61,72.36,45.57,94.04,66.51,True
662,Kevin Manning,21,Male,67.94,81.9,88.72,66.36,79.52,False
663,Lance Hunter,20,Female,74.19,86.35,72.88,81.86,77.8,True
664,Johnny Huber,24,Male,60.3,72.93,71.75,77.35,68.32,True
665,Tim Kent,15,Female,65.99,79.7,67.79,85.26,71.16,True
666,Danny Fisher,23,Male,68.31,78.0,25.11,52.86,57.14,False
667,Kimberly Lloyd,19,Male,77.92,86.19,100.0,52.26,88.04,False
668,James Flynn,16,Female,74.5,83.74,55.82,79.81,71.35,True
669,Jake Schultz,19,Male,78.07,73.68,51.84,59.66,67.86,False
670,Jamie Brown,18,Male,83.05,86.15,100.0,79.3,89.73,True
671,William Park,21,Male,84.5,75.63,42.82,94.73,67.65,True
672,David Anderson,23,Male,67.86,79.35,74.35,75.08,73.85,True
673,Lindsay Hale,23,Male,86.36,83.7,55.66,64.93,75.24,False
674,Zachary Williams,24,Female,71.95,74.1,35.5,70.72,60.52,True
675,Francisco George,17,Male,64.5,81.62,81.27,50.58,75.8,False
676,Bradley Lee,15,Female,62.25,83.25,100.0,59.23,81.83,False
677,Derrick Miles,24,Female,73.09,87.36,57.84,60.36,72.76,False
678,Cynthia Rivas,18,Female,65.48,73.13,61.39,59.18,66.66,False
679,Brandon Moore,22,Female,63.64,78.79,55.7,74.78,66.04,True
680,Crystal Lynch,22,Male,72.67,86.07,55.67,81.46,71.47,True
681,Aaron Hudson,19,Male,80.55,87.35,63.94,83.42,77.28,True
682,James Hunt,21,Female,68.98,78.8,76.35,90.98,74.71,True
683,Aaron Edwards,22,Female,73.7,80.0,93.11,64.18,82.27,False
684,Jeremy Rodriguez,25,Female,52.44,78.67,100.0,54.65,77.04,False
685,Tanya Smith,21,Female,69.5,81.41,44.37,54.53,65.09,False
686,Amanda Carpenter,25,Female,67.77,71.63,80.28,87.8,73.22,True
687,Matthew Bush,23,Female,85.31,72.97,49.05,83.72,69.11,True
688,Benjamin Black,22,Male,58.41,86.19,51.29,87.39,65.29,True
689,Kendra Smith,20,Female,62.4,86.83,35.35,62.56,61.53,False
690,Linda Daniels,20,Male,72.61,73.66,66.3,97.34,70.86,True
691,Kyle Wade,23,Female,69.44,83.72,77.97,86.09,77.04,True
692,Jonathan Mckinney,21,Female,75.57,80.2,48.88,59.36,68.22,False
693,Jeff Smith,23,Male,75.58,82.48,52.04,99.52,70.03,True
694,Arthur Jackson,17,Male,84.35,74.05,74.28,83.84,77.56,True
695,Bryan Wang,20,Female,73.99,86.57,76.76,62.0,79.1,False
696,Justin Hicks,21,Female,77.89,85.68,67.43,68.28,77.0,False
697,Amy Jacobs,15,Female,55.93,74.2,60.89,95.26,63.67,True
698,Sherri Vance,23,Female,63.97,81.0,59.75,73.18,68.24,True
699,Margaret Adams,15,Female,52.09,81.4,76.72,84.13,70.07,True
700,Cathy Blankenship,21,Male,74.06,67.91,1.55,54.94,47.84,False
701,Luke Rios,25,Male,67.6,79.21,38.92,71.65,61.91,True
702,Todd Scott,25,Male,76.71,76.54,97.88,90.14,83.71,True
703,Brian Armstrong,19,Male,65.52,87.2,54.32,65.96,69.01,False
704,John Skinner,21,Female,68.04,83.49,73.49,79.88,75.01,True
705,Theresa Taylor,24,Male,69.75,73.31,75.12,89.3,72.73,True
706,Justin Thomas,21,Male,84.27,82.18,40.47,98.35,68.97,True
707,Joel Myers,17,Male,72.47,89.35,39.57,72.63,67.13,True
708,Chelsey Roberts,21,Male,66.18,83.91,86.66,97.57,78.92,True
709,Zachary Lee,25,Male,85.01,77.68,52.3,59.42,71.66,False
710,Tiffany Bell,23,Female,72.93,78.61,100.0,62.09,83.85,False
711,Lisa Johnson,19,Female,69.56,79.05,79.17,52.04,75.93,False
712,Michael Kelly,22,Male,75.18,84.58,48.04,61.75,69.27,False
713,Wayne Lopez,16,Male,60.11,87.85,78.19,78.94,75.38,True
714,Paul Allen,19,Male,63.82,76.31,42.71,73.92,60.95,True
715,Angela Collier,23,Female,75.77,71.4,91.77,66.78,79.65,False
716,George Donovan,25,Female,80.53,87.83,56.15,81.05,74.83,True
717,Dawn Johnson,19,Female,56.18,84.24,52.8,85.56,64.41,True
718,Darren Stewart,17,Female,74.73,78.32,94.24,71.36,82.43,True
719,Sara Haney,18,Female,72.92,82.45,77.78,81.86,77.72,True
720,Sandra Gillespie,16,Female,80.67,80.29,37.2,93.45,66.06,True
721,Pam York,22,Male,68.89,83.16,59.25,83.07,70.43,True
722,Donna Davis,25,Female,55.45,75.37,77.44,75.38,69.42,True
723,Troy Mcbride,24,Male,84.17,84.78,18.89,99.62,62.61,True
724,Monique Walsh,22,Male,83.44,72.98,36.24,57.06,64.22,False
725,Patty Casey DDS,19,Female,48.11,81.27,64.21,54.77,64.53,False
726,Erica Williams,23,Female,61.81,79.04,85.63,96.19,75.49,True
727,Melissa Morrison,25,Female,59.99,76.92,88.75,95.1,75.22,True
728,Dylan Johns,24,Male,54.56,78.94,52.39,71.15,61.96,True
729,Jennifer Patterson,18,Male,78.19,80.48,75.23,66.13,77.97,False
730,Carol White,17,Male,68.56,76.84,50.15,76.73,65.18,True
731,Dawn Kline,15,Female,58.17,86.19,59.91,96.22,68.09,True
732,Shelby Gross,18,Female,68.33,86.03,31.76,65.97,62.04,False
733,Jeffery Scott,22,Female,55.09,82.51,37.05,61.7,58.22,False
734,Heather Sandoval,20,Male,69.82,76.3,47.66,83.39,64.59,True
735,Yolanda Hopkins,16,Female,66.95,86.52,24.86,98.85,59.44,False
736,Natasha Harris,18,Male,78.23,84.87,100.0,93.41,87.7,True
737,Daniel Thompson,23,Male,77.04,76.34,66.53,62.58,73.3,False
738,Tyler Downs,15,Female,56.15,82.12,73.48,80.01,70.58,True
739,Nicole Hudson,24,Female,70.39,71.73,77.92,92.36,73.35,True
740,Sarah Owens,15,Male,70.01,82.58,59.34,51.39,70.64,False
741,Maria Jones,25,Male,85.38,78.68,69.61,56.55,77.89,False
742,Jordan Elliott,21,Female,71.46,80.97,64.13,54.68,72.19,False
743,Jennifer Underwood,23,Female,60.99,88.04,80.32,89.49,76.45,True
744,Caleb Baker,15,Male,82.41,79.69,68.59,61.2,76.9,False
745,Ashley Greer,21,Male,84.18,73.75,79.74,77.6,79.22,True
746,Frank Wheeler,22,Male,72.16,71.56,64.01,98.41,69.25,True
747,Martin Molina,24,Male,70.9,91.37,73.43,67.16,78.57,False
748,Thomas Bishop,19,Male,78.66,74.76,96.77,81.8,83.4,True
749,Brenda Hartman,25,Male,66.1,84.67,36.74,73.6,62.5,True
750,Daniel Hall,21,Male,63.25,71.81,44.63,55.82,59.89,False
751,John Conrad,17,Male,69.32,81.95,61.73,78.27,71.0,True
752,Annette Bonilla,24,Female,66.92,80.23,83.73,52.6,76.96,False
753,Joshua Anderson,19,Female,67.13,74.98,95.95,74.47,79.35,True
754,Michelle Norton,17,Female,82.24,86.16,62.54,95.32,76.98,True
755,Timothy Weber,15,Female,59.92,77.56,43.07,56.35,60.19,False
756,Danielle Clark,18,Female,81.45,77.49,38.59,95.24,65.84,True
757,Phillip Stephenson,23,Female,66.7,86.74,63.99,75.34,72.48,True
758,Paul Lloyd,21,Male,78.04,80.16,42.3,84.79,66.83,True
759,William Doyle,17,Male,79.41,77.09,37.05,69.63,64.51,False
760,Willie Vasquez,15,Female,69.04,86.62,88.26,66.16,81.31,False
761,Michael Morris,24,Male,97.85,79.29,76.24,61.37,84.46,False
762,Bryan Newton,15,Male,73.12,78.3,75.14,52.89,75.52,False
763,Cheryl Mclean,22,Male,82.68,79.76,79.12,97.17,80.52,True
764,Marisa Roberts,18,Female,70.93,84.3,58.46,69.21,71.23,False
765,Jack May,23,Male,62.55,77.29,46.02,70.58,61.95,True
766,Michelle Jones,17,Female,82.36,76.67,67.26,96.08,75.43,True
767,Joshua Powell,21,Female,62.93,83.58,52.55,64.11,66.35,False
768,Paige Gray,16,Male,62.24,82.21,94.28,50.96,79.58,False
769,Zachary Castillo,15,Male,65.08,84.65,76.51,70.1,75.41,True
770,Michael White,22,Female,53.26,83.14,87.97,64.5,74.79,False
771,James Savage,18,Male,59.38,78.33,61.49,51.75,66.4,False
772,Alison Thornton,16,Male,80.14,73.18,77.46,68.18,76.93,False
773,Chad Pearson,21,Female,56.83,79.69,50.32,85.89,62.28,True
774,Parker Odonnell,25,Male,64.88,78.83,46.05,60.51,63.25,False
775,Micheal Montoya,17,Male,60.48,81.19,34.79,89.1,58.82,False
776,Angela Floyd,23,Male,70.32,77.14,72.55,63.21,73.34,False
777,Todd Waller,18,Female,63.68,79.66,71.36,92.53,71.57,True
778,Jonathan Black,16,Male,71.02,74.17,73.1,78.04,72.77,True
779,Lauren Mitchell,19,Female,81.65,81.26,58.81,51.62,73.91,False
780,Savannah Harrison,22,Female,59.05,66.26,58.92,66.3,61.41,False
781,Dr. Edward Brown Jr.,15,Female,73.2,83.33,79.99,54.36,78.84,False
782,Tim Wright,25,Female,68.1,78.52,82.63,64.15,76.42,False
783,Madeline Lucas,18,Female,78.7,79.51,62.49,98.78,73.57,True
784,Sandra Huff,19,Male,66.49,85.55,63.51,95.29,71.85,True
785,Linda Fletcher,19,Female,75.53,86.16,38.03,62.98,66.57,False
786,Cheryl Villarreal,24,Female,73.57,78.15,55.54,60.4,69.09,False
787,Renee Hill,25,Male,83.41,76.89,90.79,52.76,83.69,False
788,Diane Mccann,17,Male,70.21,84.87,69.62,86.56,74.9,True
789,Ricardo White,22,Female,69.57,71.65,98.2,74.01,79.81,True
790,Margaret Hernandez,21,Male,73.23,78.8,73.88,95.74,75.3,True
791,Jordan Berger,15,Male,59.49,80.78,55.59,59.93,65.29,False
792,Brian Randolph,19,Male,73.06,78.49,32.89,92.5,61.48,True
793,Susan Lewis,16,Male,73.02,78.21,45.69,80.87,65.64,True
794,Laurie White,19,Male,69.88,83.28,67.95,73.99,73.7,True
795,Stephanie Scott,16,Male,74.71,77.99,59.64,54.19,70.78,False
796,Jennifer Gibson,21,Female,63.19,83.03,54.86,97.04,67.03,True
797,Travis Richardson,19,Female,81.95,88.73,60.29,63.09,76.99,False
798,Katrina Roman,19,Male,57.4,74.98,61.74,57.59,64.71,False
799,Susan Nelson,16,Male,63.54,79.61,81.61,56.21,74.92,False
800,Jessica Velasquez,21,Male,76.5,77.95,62.28,65.06,72.24,False
801,Kelly Johnson,25,Female,77.89,78.39,79.21,93.92,78.5,True
802,William Mays,18,Male,75.07,72.41,76.45,68.42,74.65,False
803,Kelly Leach,17,Male,85.68,74.29,50.09,80.08,70.02,True
804,Michael Martin,20,Female,71.4,83.07,80.9,72.23,78.46,True
805,Tonya Rasmussen,16,Female,53.33,72.72,65.24,62.01,63.77,False
806,Brenda Davis,21,Male,79.13,76.55,74.61,69.3,76.76,False
807,Joseph Horn,17,Female,62.62,89.3,91.75,51.1,81.22,False
808,Glenn Holmes,24,Male,80.53,82.29,82.26,75.42,81.69,True
809,Karen Zamora,24,Male,69.05,75.02,68.69,89.73,70.92,True
810,Karen Haynes,17,Male,81.94,77.76,53.6,89.75,71.1,True
811,Zachary Wade,15,Male,77.23,77.61,38.54,65.73,64.46,False
812,Corey Mathews,18,Female,43.37,79.17,67.33,73.27,63.29,True
813,Nicole Mccarthy,15,Female,58.79,80.69,74.8,69.73,71.42,False
814,Taylor Rhodes,25,Female,69.64,80.6,80.28,61.91,76.84,False
815,Kenneth Willis,19,Male,66.39,74.33,100.0,68.39,80.24,False
816,Maurice Frank,18,Female,73.06,81.62,53.33,62.02,69.34,False
817,Mr. Kyle Williams,19,Male,78.57,73.77,86.19,57.94,79.51,False
818,Kenneth Harris,25,Male,70.53,83.01,26.53,78.82,60.02,True
819,Terry Johnson,24,Male,73.92,81.62,98.02,99.0,84.52,True
820,Jesse Smith,22,Male,72.53,76.3,72.87,92.82,73.9,True
821,Jeff Woods,22,Female,77.71,73.1,75.47,97.39,75.43,True
822,Scott Greer,17,Female,75.26,84.62,54.31,84.83,71.4,True
823,Corey Martinez,19,Male,89.78,70.86,62.48,70.07,74.37,True
824,Holly Nelson,25,Female,70.63,73.05,22.71,78.53,55.46,False
825,Joel Thompson,15,Male,60.85,89.8,32.05,68.88,60.9,False
826,Dawn Strickland,18,Female,89.59,76.48,99.64,54.18,88.57,False
827,Patricia Wells,20,Male,65.69,75.76,77.42,81.57,72.95,True
828,Amy Solis,22,Female,58.99,76.4,29.42,86.89,54.94,False
829,Bobby Daniels,18,Male,53.04,79.22,61.67,75.27,64.64,True
830,Ashley Mcguire,23,Male,69.18,70.78,68.73,97.51,69.56,True
831,Mr. Matthew Moore,24,Male,74.27,81.81,96.33,66.74,84.14,False
832,Kimberly Ramirez,17,Male,78.14,82.46,88.51,65.99,83.04,False
833,Kelsey Pierce,22,Male,65.47,81.03,71.3,88.0,72.6,True
834,Ricky Moran,18,Male,73.31,82.22,44.44,85.75,66.66,True
835,Victoria Gallegos,16,Female,61.5,77.71,46.95,99.8,62.06,True
836,Lisa Fox,23,Male,51.84,81.4,56.74,64.58,63.33,False
837,Miranda Barker,25,Male,81.62,80.74,58.94,59.28,73.77,False
838,Sherry Adams,18,Male,77.77,85.75,66.39,90.1,76.64,True
839,Jimmy Stout,23,Female,71.63,76.28,68.64,74.08,72.18,True
840,Kenneth James,18,Female,76.42,79.95,43.07,96.63,66.48,True
841,Catherine Smith,25,Male,78.49,84.75,24.77,73.2,62.67,True
842,Randy Barton,21,Male,77.26,83.58,70.1,71.74,76.98,True
843,Amber Frank,15,Female,71.54,79.31,84.49,61.51,78.45,False
844,William Gonzalez,17,Male,59.69,77.73,65.77,87.83,67.73,True
845,Elizabeth Jackson,18,Female,69.93,75.83,59.64,84.79,68.46,True
846,Kelly Shelton,16,Male,81.01,80.3,57.09,84.02,72.8,True
847,Rebecca Palmer,16,Female,83.24,75.41,68.14,76.8,75.6,True
848,Sean Calderon,23,Female,73.82,73.77,23.83,58.46,57.14,False
849,Todd Mcknight,19,Female,75.95,77.96,47.7,92.24,67.2,True
850,Crystal Rose,22,Female,76.14,75.6,73.43,56.85,75.06,False
851,Charlotte Cardenas,15,Female,58.25,77.2,67.08,88.98,67.51,True
852,Kayla Lee,25,Male,62.32,87.18,53.36,85.65,67.62,True
853,Kim Stewart,25,Female,58.28,84.79,67.12,69.51,70.06,False
854,Kelly Blankenship,21,Female,82.43,80.6,67.91,91.43,76.98,True
855,Evelyn Jones,24,Male,73.69,76.96,56.37,61.46,69.01,False
856,John Robbins,25,Male,74.44,78.43,59.58,72.38,70.82,True
857,Michael Hayes,25,Female,40.96,79.12,69.84,86.55,63.31,True
858,Aaron Lynch,25,Male,73.13,78.2,61.19,94.05,70.84,True
859,Nathan Cooper,17,Female,62.65,70.48,46.62,80.78,59.92,False
860,Thomas Burns,19,Female,64.16,77.43,92.11,58.92,77.9,False
861,Kenneth Rose,23,Female,55.05,80.4,56.54,82.93,64.0,True
862,Mckenzie Hines,23,Female,65.2,74.78,79.49,58.73,73.16,False
863,Derek Lowe,19,Female,67.01,76.75,60.85,86.68,68.2,True
864,Carla Davenport,15,Male,64.96,78.41,65.54,69.37,69.64,False
865,Robert Smith,15,Female,75.53,89.25,100.0,97.33,88.26,True
866,Jessica Sutton,23,Male,61.36,84.87,56.9,64.3,67.71,False
867,Russell Hancock,24,Female,71.47,76.26,29.91,73.19,59.21,False
868,Brandi Mitchell,16,Male,67.49,93.86,55.38,85.67,72.24,True
869,Hunter Pena,24,Male,79.4,83.05,50.54,50.9,71.0,False
870,Charlene Ramirez,24,Female,77.43,81.66,82.7,98.58,80.6,True
871,Evan Brown,16,Female,74.02,76.23,67.67,50.02,72.64,False
872,Mary Thomas,24,Male,77.79,78.45,73.96,62.51,76.74,False
873,Lance Hebert,18,Female,64.41,78.26,36.95,97.74,59.87,False
874,Anthony Sellers,25,Female,81.91,81.16,77.92,67.28,80.33,False
875,Rhonda Williams,22,Female,70.95,76.43,34.86,57.91,60.74,False
876,Karen Thomas,15,Female,63.08,73.43,62.95,81.09,66.49,True
877,Brandi Mitchell DDS,15,Female,76.06,77.33,24.43,58.4,59.27,False
878,Joseph Smith,24,Female,69.47,71.14,70.86,86.7,70.49,True
879,Abigail Ellis,15,Female,69.05,81.55,89.78,83.35,80.13,True
880,Willie Wyatt,24,Male,64.94,77.0,66.65,53.19,69.53,False
881,Katherine Obrien,15,Male,63.34,76.02,28.16,83.2,55.84,False
882,Richard Rios,16,Male,67.5,74.7,8.97,77.37,50.39,False
883,Roy Schroeder,21,Male,52.2,74.62,54.16,77.03,60.33,True
884,Bethany Cline,24,Female,78.82,87.55,60.8,53.39,75.72,False
885,Thomas Scott,21,Female,91.55,91.42,54.83,65.46,79.27,False
886,Jennifer Pace,22,Male,67.74,83.53,74.04,58.17,75.11,False
887,Alexis Willis,20,Male,71.89,83.07,64.44,77.36,73.13,True
888,Julie Maldonado,20,Male,72.82,73.29,32.12,66.2,59.41,False
889,Luis Williams,23,Male,81.93,78.8,32.14,75.74,64.29,True
890,Cynthia Santiago,25,Female,66.21,76.99,66.66,51.82,69.96,False
891,Deborah Mathews,21,Male,77.67,84.06,72.06,94.0,77.93,True
892,John Harris,24,Male,65.88,77.25,74.74,66.5,72.62,False
893,William Reynolds,21,Male,64.65,77.43,43.3,66.51,61.8,False
894,April Spears,16,Male,62.45,79.75,80.99,85.29,74.4,True
895,Maria Romero,18,Female,66.57,77.69,58.48,82.31,67.58,True
896,Christina Chan,25,Female,70.52,78.92,51.46,99.23,66.97,True
897,Jennifer Wood,20,Male,72.59,77.07,50.13,64.52,66.6,False
898,Matthew Hampton,17,Female,64.01,91.45,38.84,71.27,64.77,True
899,Stephanie Hill,20,Female,73.46,76.04,86.25,62.42,78.58,False
900,Sarah Wilson,23,Male,66.13,77.48,77.62,53.08,73.74,False
901,Terry Frazier,20,Female,62.83,80.55,62.74,96.1,68.7,True
902,Bridget Robertson,22,Male,63.17,85.18,30.18,71.34,59.51,False
903,Chelsea Pratt,21,Male,69.08,78.47,26.55,57.62,58.03,False
904,Sherri Salazar,24,Male,77.16,81.05,65.38,92.76,74.53,True
905,Philip Wilson,19,Male,69.03,75.12,73.26,73.63,72.47,True
906,Michael Mcintosh,23,Female,70.73,80.29,74.07,83.53,75.03,True
907,Carla Lopez,21,Female,88.88,87.32,65.63,56.6,80.61,False
908,David Mitchell,22,Male,76.66,84.56,55.2,79.92,72.14,True
909,Christopher Rocha,24,Male,70.38,83.65,57.45,75.85,70.49,True
910,Linda Vazquez,17,Male,75.69,71.63,46.6,70.01,64.64,True
911,Stephen Robinson,22,Male,71.26,86.96,88.03,93.72,82.08,True
912,Miss Sheena Jones,25,Male,85.87,92.02,50.22,81.01,76.04,True
913,Cheyenne Li,18,Female,79.12,82.6,18.24,79.34,59.99,False
914,Hayley Gray,25,Female,53.6,81.02,59.18,51.75,64.6,False
915,Alicia Barker,18,Female,84.32,77.21,75.78,83.19,79.1,True
916,Kenneth Bonilla,18,Female,64.72,79.64,81.52,78.91,75.29,True
917,Ashley Henry,19,Male,76.95,82.03,76.57,60.0,78.52,False
918,Brenda Richardson,23,Female,58.94,79.66,43.78,95.71,60.79,True
919,Candice Ferguson,23,Male,62.97,81.58,16.23,69.93,53.6,False
920,William Clark,18,Male,83.66,70.77,43.28,57.86,65.9,False
921,Stephanie Roberts,21,Male,57.2,79.05,54.78,83.75,63.68,True
922,Jonathan Ross,17,Female,78.15,79.94,66.97,93.01,75.02,True
923,John Hensley,21,Male,77.26,90.12,95.33,63.51,87.57,False
924,Timothy Reed,17,Male,56.79,87.06,80.13,61.3,74.66,False
925,Veronica Williams,22,Female,76.22,80.02,98.63,76.31,84.96,True
926,Corey Acevedo,23,Male,93.96,76.29,62.07,80.72,77.44,True
927,Seth King,21,Male,56.99,81.73,43.25,72.74,60.66,True
928,Rebekah Morales,23,Male,69.56,79.41,54.78,68.04,67.91,False
929,Stefanie Hansen,25,Female,69.04,82.63,43.94,88.1,65.2,True
930,Danielle Morse,25,Male,81.42,76.08,85.81,98.4,81.1,True
931,Stephanie Newton,16,Male,61.42,85.11,76.23,86.17,74.25,True
932,Olivia Bryant,19,Female,46.09,77.66,51.95,89.28,58.56,False
933,Patricia Greene,23,Male,89.54,76.12,72.92,71.37,79.53,True
934,Megan Richmond,24,Male,77.62,70.31,43.93,68.21,63.95,False
935,Benjamin Tran,25,Female,76.9,80.31,52.93,70.93,70.05,True
936,Mr. Aaron Fitzpatrick,15,Female,68.75,77.48,58.58,68.32,68.27,False
937,David Jones,15,Female,79.01,83.54,69.87,77.82,77.47,True
938,Hannah Cruz,21,Male,67.09,81.05,40.75,52.7,62.96,False
939,Cheyenne Bradford,23,Female,63.17,80.7,28.89,96.74,57.59,False
940,Robert Garrett,21,Female,82.88,81.13,93.8,82.75,85.93,True
941,Michael Contreras,18,Male,70.53,80.36,78.94,53.23,76.61,False
942,Karen Fry,23,Female,57.67,78.77,50.94,98.61,62.46,True
943,Christopher Yates,15,Female,91.36,81.49,78.66,72.22,83.84,True
944,Rebecca Lane,18,Female,68.68,76.28,29.51,67.27,58.16,False
945,Steve Smith,23,Male,71.87,81.59,41.55,52.15,65.0,False
946,Hayden Munoz,25,Female,80.63,76.84,22.06,98.83,59.84,False
947,Terri Shelton,22,Male,51.59,88.1,50.43,70.76,63.37,True
948,Veronica Vega,22,Male,81.79,84.48,22.14,85.76,62.8,True
949,Brian Murphy,22,Female,62.51,78.61,100.0,95.73,80.37,True
950,Natalie Pacheco PhD,17,Female,64.23,74.79,48.27,66.7,62.43,False
951,Hannah Bell,15,Male,71.6,87.39,51.21,54.58,70.07,False
952,Thomas Spencer,23,Male,76.34,82.34,70.27,74.29,76.32,True
953,Beverly Johnson,22,Female,81.2,84.22,78.12,90.9,81.18,True
954,Emily Camacho,25,Female,68.88,70.91,82.44,72.9,74.08,True
955,Timothy Keller,15,Male,91.14,76.86,44.99,85.06,70.99,True
956,Joseph Ellis,18,Female,73.7,84.25,66.19,92.86,74.71,True
957,Eugene Weber,21,Female,71.56,79.07,58.26,55.94,69.63,False
958,Melissa Dudley,24,Female,86.9,83.45,47.4,58.62,72.58,False
959,Megan Torres,17,Female,47.29,80.16,54.7,57.67,60.72,False
960,Colton Weaver,17,Female,62.1,80.07,68.83,74.68,70.33,True
961,Timothy Maxwell,19,Female,68.32,73.44,31.22,90.07,57.66,False
962,Erik Hartman,22,Female,92.59,83.03,46.48,83.42,74.03,True
963,Kimberly Beck,19,Male,63.11,79.2,63.61,64.71,68.64,False
964,Joel Young,23,Female,82.7,68.88,66.85,59.25,72.81,False
965,Linda Gibson,20,Female,76.62,78.71,63.78,53.6,73.04,False
966,James Campbell,20,Male,87.34,84.0,92.69,90.08,88.01,True
967,Christopher Arnold,21,Male,90.69,73.31,87.2,67.85,83.73,False
968,Traci Terry,18,Female,94.14,78.55,58.53,60.57,77.07,False
969,Veronica Knight,18,Female,84.02,76.72,100.0,54.22,86.91,False
970,Amanda Daniel,17,Female,91.15,82.16,85.35,61.78,86.22,False
971,Denise Brown,23,Female,74.9,67.88,86.62,60.28,76.47,False
972,Julie Bowman,22,Male,75.07,79.1,18.67,59.38,57.61,False
973,Jeremy Stevenson,21,Male,82.32,75.19,100.0,64.42,85.84,False
974,David Lowe,20,Female,75.64,82.95,45.74,83.85,68.11,True
975,Dave Wilson,24,Female,73.46,81.86,69.03,51.76,74.78,False
976,William Jones,21,Male,78.1,80.65,78.81,57.34,79.18,False
977,Lisa Mccormick,23,Female,76.59,79.93,63.06,78.38,73.19,True
978,Sheri Harris,22,Male,76.11,72.92,70.6,50.35,73.21,False
979,Patricia Ryan,25,Male,74.19,78.58,42.17,77.62,64.98,True
980,Tracy Porter,18,Male,69.15,74.24,43.32,77.41,62.24,True
981,Caleb Smith,24,Male,69.33,73.54,20.17,91.7,54.35,False
982,Karen Williams,23,Female,59.93,87.91,98.06,97.89,81.97,True
983,Shelly Miles,20,Female,72.46,83.61,61.44,53.1,72.5,False
984,Parker Wright,17,Female,66.08,75.03,73.68,91.92,71.59,True
985,Michele Pace,24,Female,70.86,78.49,42.69,91.59,64.01,True
986,Miranda Wells,17,Female,69.8,81.75,43.28,80.19,64.94,True
987,Nathan Wilson DDS,22,Female,68.93,75.74,62.03,93.25,68.9,True
988,Cole Murphy,15,Female,71.58,85.18,35.58,83.61,64.11,True
989,Jamie Lowery,18,Female,70.06,80.89,65.09,86.22,72.01,True
990,Nicole Jackson,16,Male,75.95,88.08,94.16,67.59,86.06,False
991,Tiffany Walker,19,Male,58.6,85.46,26.91,80.59,56.99,False
992,Rachel Mcdowell,15,Male,74.33,83.08,46.7,80.91,68.04,True
993,Elizabeth Garcia,15,Female,66.98,88.2,36.25,91.28,63.81,True
994,Kayla Roy,20,Male,66.41,82.5,89.04,89.94,79.32,True
995,Nicole Moore,22,Female,71.81,75.53,44.81,86.59,64.05,True
996,Megan Hill,23,Male,66.84,89.53,47.13,89.04,67.83,True
997,Tammy Moore,23,Male,59.85,75.86,45.83,54.33,60.51,False
998,Jeanette Wells,19,Female,83.54,84.48,26.74,51.49,64.92,False
None,Benjamin Kelly,15,Female,79.31,86.75,100.0,78.99,88.69,True
1000,Mrs. Mary Hodges DVM,25,Female,63.11,84.71,63.7,67.82,70.51,False
